sensor_id,timestamp,temperature,humidity,location,sensor_type
1072,2025-04-26T18:51:35.000Z,26.1,79.92,BuildingB_Floor1,TypeB
1053,2025-04-25T09:17:27.000Z,20.19,79.96,BuildingA_Floor1,TypeA
1081,2025-04-26T07:21:31.000Z,20.53,70.49,BuildingB_Floor2,TypeB
1049,2025-04-25T22:37:01.000Z,26.89,56.11,BuildingB_Floor2,TypeA
1062,2025-04-25T14:19:35.000Z,33.95,68.38,BuildingB_Floor1,TypeA
1095,2025-04-28T16:12:22.000Z,24.28,57.04,BuildingB_Floor1,TypeA
1011,2025-04-25T07:54:32.000Z,31.66,42.69,BuildingA_Floor2,TypeC
1094,2025-04-26T16:08:52.000Z,16.27,57.65,BuildingA_Floor1,TypeB
1020,2025-04-28T01:46:49.000Z,17.63,67.88,BuildingB_Floor2,TypeC
1062,2025-04-29T17:53:45.000Z,15.59,43.01,BuildingB_Floor2,TypeA
1088,2025-04-27T01:02:16.000Z,19.02,54.51,BuildingA_Floor2,TypeA
1099,2025-04-26T23:03:00.000Z,33.16,50.19,BuildingA_Floor1,TypeC
1011,2025-04-29T07:37:15.000Z,32.83,41.34,BuildingB_Floor2,TypeC
1091,2025-04-26T12:38:50.000Z,15.92,49.77,BuildingA_Floor1,TypeA
1041,2025-04-27T10:30:50.000Z,29.41,69.92,BuildingB_Floor2,TypeC
1068,2025-04-26T13:17:16.000Z,19.44,42.18,BuildingA_Floor2,TypeA
1072,2025-04-28T14:44:10.000Z,29.98,63.78,BuildingB_Floor1,TypeB
1078,2025-04-27T04:10:08.000Z,18.44,46.12,BuildingA_Floor1,TypeA
1015,2025-04-26T05:16:17.000Z,24.06,68.96,BuildingB_Floor2,TypeB
1098,2025-04-29T01:51:56.000Z,30.81,50.12,BuildingB_Floor1,TypeA
1100,2025-04-26T04:32:49.000Z,18.43,46.61,BuildingA_Floor1,TypeC
1024,2025-04-27T16:18:35.000Z,30.94,41.99,BuildingA_Floor2,TypeA
1037,2025-04-29T10:05:21.000Z,15.41,52.39,BuildingB_Floor1,TypeB
1081,2025-04-29T09:57:33.000Z,31.08,37.11,BuildingB_Floor2,TypeC
1078,2025-04-25T11:48:26.000Z,18.36,53.01,BuildingA_Floor1,TypeA
1047,2025-04-26T02:52:16.000Z,28.64,41.62,BuildingB_Floor2,TypeB
1074,2025-04-25T22:55:38.000Z,25.23,36.04,BuildingA_Floor1,TypeB
1058,2025-04-25T15:17:09.000Z,15.28,57.68,BuildingB_Floor2,TypeB
1095,2025-04-25T21:59:41.000Z,28.49,57.9,BuildingB_Floor1,TypeA
1022,2025-04-26T06:15:49.000Z,32.15,55.44,BuildingA_Floor2,TypeB
1005,2025-04-29T11:04:01.000Z,19.36,64.07,BuildingA_Floor2,TypeC
1010,2025-04-28T02:40:37.000Z,30.48,75.69,BuildingA_Floor2,TypeB
1074,2025-04-29T18:03:45.000Z,24.74,56.87,BuildingB_Floor2,TypeC
1024,2025-04-28T00:34:11.000Z,23.49,44.59,BuildingA_Floor1,TypeA
1052,2025-04-28T23:35:24.000Z,32.83,53.92,BuildingA_Floor2,TypeA
1018,2025-04-29T18:02:35.000Z,32.27,30.97,BuildingA_Floor2,TypeA
1091,2025-04-27T06:26:54.000Z,18.35,49.43,BuildingA_Floor2,TypeB
1072,2025-04-29T19:46:13.000Z,25.29,40.42,BuildingB_Floor2,TypeA
1016,2025-04-28T03:10:30.000Z,26.92,59.44,BuildingA_Floor1,TypeA
1033,2025-04-28T14:06:50.000Z,21.9,34.45,BuildingB_Floor1,TypeA
1023,2025-04-27T16:55:26.000Z,15.96,52.83,BuildingB_Floor1,TypeB
1088,2025-04-28T09:08:39.000Z,16.9,68.78,BuildingB_Floor2,TypeB
1092,2025-04-25T18:35:30.000Z,20.36,59.86,BuildingA_Floor1,TypeB
1097,2025-04-27T01:26:05.000Z,31.86,32.11,BuildingB_Floor2,TypeA
1051,2025-04-26T23:57:45.000Z,21.44,48.92,BuildingA_Floor1,TypeC
1003,2025-04-26T19:12:08.000Z,34.11,46.19,BuildingB_Floor2,TypeA
1099,2025-04-25T03:59:55.000Z,30.99,77.9,BuildingA_Floor2,TypeA
1042,2025-04-25T13:25:53.000Z,25.53,62.84,BuildingB_Floor1,TypeB
1098,2025-04-29T00:08:36.000Z,17.49,48.64,BuildingB_Floor2,TypeC
1020,2025-04-28T14:23:56.000Z,15.69,50.58,BuildingA_Floor2,TypeB
1037,2025-04-28T03:50:56.000Z,34.75,77.43,BuildingA_Floor2,TypeC
1090,2025-04-29T16:52:41.000Z,27.43,75.39,BuildingB_Floor2,TypeA
1095,2025-04-25T20:33:13.000Z,28.61,42.95,BuildingB_Floor2,TypeA
1023,2025-04-29T14:55:27.000Z,24.39,68.02,BuildingA_Floor2,TypeC
1095,2025-04-29T05:11:18.000Z,26.97,63.43,BuildingB_Floor2,TypeC
1050,2025-04-26T00:37:14.000Z,32.37,61.82,BuildingB_Floor2,TypeC
1013,2025-04-29T14:58:33.000Z,22.69,68.0,BuildingB_Floor1,TypeB
1063,2025-04-28T01:03:22.000Z,24.73,76.33,BuildingA_Floor1,TypeA
1090,2025-04-29T16:26:30.000Z,21.87,66.2,BuildingB_Floor2,TypeA
1011,2025-04-25T18:32:53.000Z,22.24,45.28,BuildingA_Floor2,TypeC
1026,2025-04-27T02:54:09.000Z,19.08,35.78,BuildingA_Floor2,TypeB
1071,2025-04-29T11:00:16.000Z,30.74,79.78,BuildingA_Floor2,TypeA
1044,2025-04-28T15:57:09.000Z,26.17,50.13,BuildingA_Floor2,TypeA
1077,2025-04-26T02:36:50.000Z,19.73,36.5,BuildingB_Floor1,TypeC
1060,2025-04-29T20:32:11.000Z,23.61,76.14,BuildingA_Floor2,TypeA
1008,2025-04-27T22:42:11.000Z,23.13,52.0,BuildingA_Floor1,TypeB
1043,2025-04-29T19:32:58.000Z,18.44,73.19,BuildingA_Floor1,TypeB
1036,2025-04-27T04:43:51.000Z,31.66,55.27,BuildingB_Floor2,TypeC
1058,2025-04-27T13:48:02.000Z,27.92,34.66,BuildingA_Floor2,TypeC
1055,2025-04-27T18:49:47.000Z,28.16,62.03,BuildingA_Floor1,TypeB
1012,2025-04-29T11:38:59.000Z,30.19,63.8,BuildingB_Floor2,TypeB
1075,2025-04-29T03:56:40.000Z,17.01,77.39,BuildingB_Floor1,TypeB
1030,2025-04-26T21:16:10.000Z,21.17,78.7,BuildingA_Floor1,TypeC
1007,2025-04-27T11:49:52.000Z,23.42,69.45,BuildingB_Floor2,TypeC
1062,2025-04-25T21:11:05.000Z,25.59,63.1,BuildingA_Floor2,TypeB
1064,2025-04-25T11:25:09.000Z,18.17,31.65,BuildingA_Floor2,TypeB
1024,2025-04-27T04:23:51.000Z,34.97,70.42,BuildingA_Floor1,TypeC
1046,2025-04-25T03:01:03.000Z,31.69,67.32,BuildingA_Floor1,TypeA
1006,2025-04-28T17:04:17.000Z,20.57,66.43,BuildingB_Floor1,TypeA
1075,2025-04-29T19:32:50.000Z,26.21,57.99,BuildingB_Floor2,TypeA
1066,2025-04-26T00:40:19.000Z,16.9,79.09,BuildingA_Floor2,TypeB
1007,2025-04-28T06:38:58.000Z,24.8,46.34,BuildingB_Floor2,TypeA
1095,2025-04-25T21:57:27.000Z,19.29,41.08,BuildingB_Floor2,TypeB
1051,2025-04-27T05:43:28.000Z,34.26,68.6,BuildingB_Floor1,TypeA
1047,2025-04-28T12:25:21.000Z,22.81,67.27,BuildingA_Floor1,TypeB
1058,2025-04-27T15:12:21.000Z,21.57,47.13,BuildingB_Floor1,TypeB
1077,2025-04-26T13:11:52.000Z,27.33,68.39,BuildingA_Floor2,TypeB
1053,2025-04-26T21:40:36.000Z,27.02,73.98,BuildingA_Floor2,TypeB
1057,2025-04-27T02:51:22.000Z,15.43,50.01,BuildingB_Floor1,TypeB
1030,2025-04-27T23:15:57.000Z,18.77,57.33,BuildingA_Floor2,TypeA
1040,2025-04-27T03:53:49.000Z,31.63,35.76,BuildingA_Floor1,TypeB
1049,2025-04-25T11:50:59.000Z,20.17,50.0,BuildingA_Floor2,TypeA
1089,2025-04-27T17:39:56.000Z,26.24,54.93,BuildingB_Floor1,TypeA
1025,2025-04-25T22:05:45.000Z,31.52,72.7,BuildingB_Floor2,TypeA
1077,2025-04-27T10:09:19.000Z,22.89,76.47,BuildingB_Floor1,TypeA
1033,2025-04-27T06:19:26.000Z,22.39,30.06,BuildingB_Floor1,TypeA
1018,2025-04-28T02:31:34.000Z,32.44,39.78,BuildingB_Floor2,TypeB
1080,2025-04-25T11:57:21.000Z,23.17,49.94,BuildingB_Floor2,TypeA
1013,2025-04-26T21:55:09.000Z,24.06,35.38,BuildingB_Floor1,TypeB
1015,2025-04-29T08:37:14.000Z,30.3,79.15,BuildingB_Floor2,TypeC
1099,2025-04-27T08:48:41.000Z,21.26,55.98,BuildingB_Floor2,TypeC
1039,2025-04-25T11:59:53.000Z,20.91,79.87,BuildingB_Floor1,TypeC
1064,2025-04-28T01:13:40.000Z,20.87,65.88,BuildingA_Floor2,TypeC
1089,2025-04-25T23:39:44.000Z,17.04,62.1,BuildingB_Floor2,TypeB
1011,2025-04-24T23:35:41.000Z,25.98,69.62,BuildingA_Floor2,TypeA
1000,2025-04-28T17:20:04.000Z,26.75,78.14,BuildingA_Floor2,TypeC
1064,2025-04-27T16:39:33.000Z,15.78,69.09,BuildingA_Floor2,TypeC
1047,2025-04-26T17:38:27.000Z,19.86,42.41,BuildingB_Floor2,TypeB
1089,2025-04-27T08:23:11.000Z,27.16,68.14,BuildingA_Floor1,TypeA
1020,2025-04-25T20:42:41.000Z,33.13,36.6,BuildingB_Floor2,TypeC
1095,2025-04-29T14:59:01.000Z,34.08,30.92,BuildingA_Floor2,TypeA
1100,2025-04-26T03:34:54.000Z,24.07,62.85,BuildingA_Floor1,TypeB
1047,2025-04-26T15:29:03.000Z,30.43,65.78,BuildingB_Floor2,TypeC
1055,2025-04-28T04:36:31.000Z,27.33,60.87,BuildingA_Floor1,TypeC
1075,2025-04-25T07:29:17.000Z,24.39,62.6,BuildingB_Floor1,TypeC
1007,2025-04-26T18:27:41.000Z,16.08,40.9,BuildingA_Floor1,TypeB
1001,2025-04-24T23:53:25.000Z,18.8,74.27,BuildingB_Floor2,TypeB
1021,2025-04-29T20:17:16.000Z,23.43,40.94,BuildingA_Floor1,TypeB
1100,2025-04-28T17:09:54.000Z,26.46,63.45,BuildingB_Floor1,TypeC
1030,2025-04-25T09:28:05.000Z,33.68,37.32,BuildingA_Floor1,TypeA
1069,2025-04-28T11:18:31.000Z,32.21,47.55,BuildingB_Floor1,TypeB
1019,2025-04-27T18:19:30.000Z,31.76,36.04,BuildingB_Floor2,TypeB
1074,2025-04-28T03:53:28.000Z,23.52,30.97,BuildingA_Floor2,TypeB
1003,2025-04-29T14:53:55.000Z,28.69,51.81,BuildingA_Floor2,TypeC
1023,2025-04-26T02:16:09.000Z,17.76,75.04,BuildingB_Floor1,TypeC
1085,2025-04-29T07:26:20.000Z,25.47,32.08,BuildingA_Floor1,TypeA
1017,2025-04-25T23:02:40.000Z,21.63,79.94,BuildingB_Floor1,TypeC
1019,2025-04-27T05:53:28.000Z,18.56,63.87,BuildingB_Floor2,TypeA
1082,2025-04-25T18:31:15.000Z,20.07,51.07,BuildingB_Floor1,TypeA
1057,2025-04-27T19:19:10.000Z,21.05,35.48,BuildingA_Floor2,TypeB
1024,2025-04-28T19:43:00.000Z,26.32,45.97,BuildingB_Floor1,TypeC
1090,2025-04-27T12:10:53.000Z,28.67,36.28,BuildingA_Floor1,TypeB
1009,2025-04-25T07:38:46.000Z,28.16,79.38,BuildingB_Floor1,TypeC
1070,2025-04-29T14:43:39.000Z,29.22,42.26,BuildingB_Floor1,TypeA
1055,2025-04-26T15:30:18.000Z,16.53,70.92,BuildingB_Floor2,TypeB
1036,2025-04-29T00:42:06.000Z,32.33,64.2,BuildingB_Floor2,TypeB
1000,2025-04-25T10:26:04.000Z,17.99,67.65,BuildingA_Floor2,TypeC
1068,2025-04-29T00:47:51.000Z,31.9,58.72,BuildingB_Floor1,TypeB
1018,2025-04-28T20:48:51.000Z,25.48,72.23,BuildingA_Floor1,TypeC
1052,2025-04-27T09:25:13.000Z,24.99,53.56,BuildingB_Floor1,TypeA
1062,2025-04-26T15:20:33.000Z,20.92,69.69,BuildingA_Floor1,TypeC
1087,2025-04-27T20:03:25.000Z,26.84,72.69,BuildingA_Floor1,TypeB
1060,2025-04-29T11:33:34.000Z,23.43,51.73,BuildingB_Floor1,TypeA
1058,2025-04-29T03:08:29.000Z,33.47,72.16,BuildingB_Floor2,TypeA
1045,2025-04-25T23:49:00.000Z,23.46,30.43,BuildingB_Floor2,TypeC
1040,2025-04-28T00:26:19.000Z,27.3,35.77,BuildingA_Floor2,TypeC
1005,2025-04-28T01:45:32.000Z,23.1,44.25,BuildingA_Floor2,TypeB
1089,2025-04-25T23:58:01.000Z,34.09,30.7,BuildingB_Floor2,TypeA
1080,2025-04-27T20:35:32.000Z,31.67,59.83,BuildingB_Floor2,TypeC
1023,2025-04-29T17:45:24.000Z,15.5,32.55,BuildingA_Floor1,TypeB
1084,2025-04-25T23:45:15.000Z,22.86,69.3,BuildingB_Floor2,TypeA
1069,2025-04-27T05:55:22.000Z,21.78,48.31,BuildingA_Floor2,TypeB
1100,2025-04-28T16:19:28.000Z,26.85,78.78,BuildingB_Floor1,TypeC
1069,2025-04-28T09:10:58.000Z,27.27,45.12,BuildingB_Floor2,TypeB
1053,2025-04-26T18:45:01.000Z,15.71,55.96,BuildingA_Floor1,TypeA
1025,2025-04-25T05:54:07.000Z,22.89,37.42,BuildingB_Floor1,TypeB
1038,2025-04-25T16:48:21.000Z,33.81,72.7,BuildingA_Floor1,TypeC
1062,2025-04-27T03:34:02.000Z,28.84,64.37,BuildingA_Floor2,TypeB
1096,2025-04-28T21:59:15.000Z,22.35,48.1,BuildingA_Floor2,TypeB
1027,2025-04-27T19:12:17.000Z,30.68,48.81,BuildingA_Floor2,TypeB
1072,2025-04-27T20:27:29.000Z,15.86,78.21,BuildingB_Floor2,TypeC
1073,2025-04-27T00:30:35.000Z,26.17,64.11,BuildingB_Floor2,TypeB
1055,2025-04-27T09:19:31.000Z,21.18,65.22,BuildingA_Floor1,TypeC
1079,2025-04-25T15:58:08.000Z,18.92,40.91,BuildingA_Floor1,TypeC
1012,2025-04-27T02:41:26.000Z,27.74,69.06,BuildingB_Floor2,TypeA
1050,2025-04-28T05:47:22.000Z,23.87,60.96,BuildingB_Floor2,TypeA
1016,2025-04-27T22:10:36.000Z,21.56,57.18,BuildingB_Floor2,TypeC
1032,2025-04-28T09:13:07.000Z,34.5,65.74,BuildingA_Floor2,TypeA
1082,2025-04-27T03:31:05.000Z,21.83,53.49,BuildingA_Floor2,TypeB
1060,2025-04-29T06:42:33.000Z,31.99,53.26,BuildingA_Floor2,TypeA
1064,2025-04-29T03:25:33.000Z,15.31,40.8,BuildingB_Floor2,TypeA
1056,2025-04-28T22:20:40.000Z,17.7,77.56,BuildingB_Floor1,TypeA
1033,2025-04-25T11:21:32.000Z,24.44,71.71,BuildingA_Floor1,TypeB
1016,2025-04-26T04:13:10.000Z,25.52,38.33,BuildingA_Floor1,TypeC
1055,2025-04-28T08:16:06.000Z,20.1,51.6,BuildingA_Floor2,TypeB
1022,2025-04-29T08:01:00.000Z,21.57,58.03,BuildingB_Floor2,TypeB
1033,2025-04-25T05:14:17.000Z,34.87,70.93,BuildingB_Floor2,TypeC
1057,2025-04-27T21:17:13.000Z,16.85,79.34,BuildingB_Floor2,TypeB
1018,2025-04-27T06:32:48.000Z,19.96,34.71,BuildingB_Floor2,TypeB
1066,2025-04-28T13:15:59.000Z,29.04,69.37,BuildingA_Floor1,TypeB
1004,2025-04-26T00:11:24.000Z,21.55,35.22,BuildingB_Floor1,TypeA
1064,2025-04-25T00:07:06.000Z,15.77,64.65,BuildingA_Floor1,TypeB
1062,2025-04-26T22:08:41.000Z,28.52,73.8,BuildingA_Floor1,TypeB
1040,2025-04-29T01:44:04.000Z,28.25,57.35,BuildingB_Floor1,TypeB
1004,2025-04-25T23:37:50.000Z,15.39,79.96,BuildingA_Floor1,TypeA
1076,2025-04-27T05:01:12.000Z,25.42,55.47,BuildingB_Floor1,TypeC
1002,2025-04-29T04:27:40.000Z,28.62,69.28,BuildingA_Floor1,TypeB
1073,2025-04-28T23:39:33.000Z,21.65,30.75,BuildingB_Floor1,TypeC
1021,2025-04-29T00:01:37.000Z,28.65,65.38,BuildingA_Floor1,TypeB
1079,2025-04-27T02:52:15.000Z,28.09,48.84,BuildingA_Floor1,TypeA
1088,2025-04-25T04:37:42.000Z,27.96,52.45,BuildingB_Floor2,TypeA
1031,2025-04-27T22:53:35.000Z,15.95,54.92,BuildingB_Floor1,TypeC
1065,2025-04-27T20:03:11.000Z,28.35,75.19,BuildingA_Floor2,TypeC
1084,2025-04-25T06:06:15.000Z,33.4,31.31,BuildingA_Floor1,TypeB
1007,2025-04-26T10:53:43.000Z,17.7,73.77,BuildingA_Floor2,TypeC
1020,2025-04-28T21:21:24.000Z,27.36,45.35,BuildingB_Floor1,TypeB
1031,2025-04-25T20:41:26.000Z,24.31,62.82,BuildingB_Floor2,TypeB
1092,2025-04-25T07:44:35.000Z,25.16,64.89,BuildingA_Floor2,TypeC
1013,2025-04-27T21:30:33.000Z,24.75,63.77,BuildingA_Floor1,TypeB
1093,2025-04-27T01:31:40.000Z,21.04,45.55,BuildingB_Floor1,TypeB
1071,2025-04-26T20:54:13.000Z,19.88,40.91,BuildingA_Floor2,TypeC
1034,2025-04-26T07:42:11.000Z,21.19,38.51,BuildingA_Floor1,TypeA
1075,2025-04-25T23:47:58.000Z,27.29,41.65,BuildingB_Floor1,TypeC
1020,2025-04-25T08:05:47.000Z,18.33,66.17,BuildingA_Floor2,TypeB
1041,2025-04-25T13:02:00.000Z,15.78,70.09,BuildingA_Floor1,TypeA
1035,2025-04-27T06:53:51.000Z,18.4,48.93,BuildingB_Floor2,TypeB
1005,2025-04-28T04:01:19.000Z,19.61,79.61,BuildingA_Floor2,TypeB
1023,2025-04-27T14:31:58.000Z,28.77,60.99,BuildingA_Floor2,TypeB
1032,2025-04-29T03:32:54.000Z,24.0,64.95,BuildingA_Floor1,TypeA
1004,2025-04-25T22:26:29.000Z,26.17,42.72,BuildingB_Floor1,TypeB
1074,2025-04-28T15:12:38.000Z,29.6,38.97,BuildingB_Floor1,TypeB
1067,2025-04-25T13:38:49.000Z,20.16,65.0,BuildingA_Floor1,TypeA
1038,2025-04-26T01:34:20.000Z,21.85,47.89,BuildingA_Floor2,TypeC
1036,2025-04-29T10:41:47.000Z,19.65,50.18,BuildingB_Floor1,TypeB
1039,2025-04-25T01:52:55.000Z,16.21,63.9,BuildingB_Floor2,TypeC
1080,2025-04-25T16:17:30.000Z,25.06,64.88,BuildingA_Floor1,TypeB
1090,2025-04-25T00:05:25.000Z,18.8,31.8,BuildingA_Floor1,TypeC
1043,2025-04-29T20:38:28.000Z,23.78,78.14,BuildingB_Floor2,TypeC
1047,2025-04-29T21:17:22.000Z,16.15,43.98,BuildingA_Floor1,TypeA
1093,2025-04-28T10:26:29.000Z,16.86,57.25,BuildingA_Floor1,TypeA
1037,2025-04-25T00:28:52.000Z,18.23,72.47,BuildingA_Floor2,TypeB
1015,2025-04-28T02:13:56.000Z,29.16,45.23,BuildingA_Floor2,TypeB
1010,2025-04-29T05:50:31.000Z,24.41,39.04,BuildingB_Floor1,TypeA
1070,2025-04-25T14:05:45.000Z,16.13,68.35,BuildingA_Floor1,TypeB
1029,2025-04-29T10:25:49.000Z,18.78,46.54,BuildingA_Floor1,TypeC
1089,2025-04-29T09:29:20.000Z,24.28,48.95,BuildingA_Floor1,TypeA
1041,2025-04-26T13:31:37.000Z,23.2,35.82,BuildingB_Floor2,TypeB
1064,2025-04-28T02:15:57.000Z,19.56,70.47,BuildingA_Floor2,TypeA
1032,2025-04-26T02:52:22.000Z,32.02,62.5,BuildingB_Floor2,TypeC
1095,2025-04-25T13:21:59.000Z,23.2,46.46,BuildingB_Floor2,TypeB
1035,2025-04-29T21:51:47.000Z,30.3,53.22,BuildingA_Floor2,TypeC
1082,2025-04-26T07:48:13.000Z,15.95,43.02,BuildingB_Floor2,TypeA
1006,2025-04-28T05:38:04.000Z,25.15,74.19,BuildingA_Floor2,TypeC
1045,2025-04-28T12:16:04.000Z,18.42,79.34,BuildingB_Floor1,TypeC
1007,2025-04-28T17:00:48.000Z,17.79,51.96,BuildingB_Floor2,TypeB
1049,2025-04-27T07:02:39.000Z,24.0,36.58,BuildingA_Floor2,TypeA
1044,2025-04-27T05:37:57.000Z,17.59,47.65,BuildingB_Floor2,TypeB
1069,2025-04-28T13:25:39.000Z,21.09,33.12,BuildingB_Floor2,TypeC
1070,2025-04-26T20:51:07.000Z,16.0,76.58,BuildingB_Floor1,TypeB
1062,2025-04-28T11:32:42.000Z,31.54,38.91,BuildingB_Floor2,TypeC
1007,2025-04-28T03:24:43.000Z,21.22,40.58,BuildingB_Floor2,TypeA
1038,2025-04-25T22:03:43.000Z,23.83,68.32,BuildingB_Floor1,TypeB
1014,2025-04-27T02:42:15.000Z,21.41,76.9,BuildingA_Floor1,TypeB
1011,2025-04-29T11:17:10.000Z,16.74,68.23,BuildingB_Floor1,TypeC
1032,2025-04-29T22:07:33.000Z,26.96,78.46,BuildingA_Floor1,TypeA
1064,2025-04-27T11:28:55.000Z,19.51,30.92,BuildingA_Floor2,TypeB
1014,2025-04-26T15:28:22.000Z,28.2,75.13,BuildingB_Floor2,TypeB
1089,2025-04-27T19:58:47.000Z,26.08,43.79,BuildingB_Floor1,TypeC
1098,2025-04-29T11:34:27.000Z,16.99,71.0,BuildingB_Floor2,TypeB
1087,2025-04-27T15:34:18.000Z,33.2,63.7,BuildingB_Floor1,TypeC
1044,2025-04-26T21:50:09.000Z,26.31,64.79,BuildingA_Floor1,TypeB
1026,2025-04-27T10:39:38.000Z,33.63,37.6,BuildingA_Floor1,TypeB
1057,2025-04-27T00:20:48.000Z,29.99,57.57,BuildingA_Floor1,TypeA
1053,2025-04-29T02:01:37.000Z,27.18,40.97,BuildingB_Floor2,TypeB
1098,2025-04-27T15:34:25.000Z,19.78,63.99,BuildingB_Floor2,TypeA
1092,2025-04-25T19:57:55.000Z,22.37,73.04,BuildingB_Floor2,TypeA
1061,2025-04-28T11:23:02.000Z,34.4,56.15,BuildingA_Floor1,TypeA
1077,2025-04-28T17:09:40.000Z,31.99,56.5,BuildingA_Floor1,TypeB
1074,2025-04-28T00:32:58.000Z,17.7,54.82,BuildingA_Floor2,TypeC
1075,2025-04-27T18:39:59.000Z,29.34,42.93,BuildingA_Floor1,TypeC
1086,2025-04-27T02:12:41.000Z,18.54,37.53,BuildingB_Floor1,TypeA
1001,2025-04-25T21:05:57.000Z,26.18,43.1,BuildingB_Floor2,TypeA
1034,2025-04-28T06:21:05.000Z,26.57,31.11,BuildingA_Floor1,TypeB
1047,2025-04-28T15:17:39.000Z,23.14,30.68,BuildingA_Floor2,TypeA
1014,2025-04-27T06:58:09.000Z,21.56,74.51,BuildingA_Floor2,TypeB
1068,2025-04-29T10:47:02.000Z,22.36,70.51,BuildingA_Floor1,TypeB
1040,2025-04-25T18:52:14.000Z,23.42,44.29,BuildingA_Floor1,TypeC
1042,2025-04-28T08:38:19.000Z,25.33,60.23,BuildingA_Floor2,TypeB
1047,2025-04-28T15:10:58.000Z,26.74,48.67,BuildingA_Floor1,TypeA
1023,2025-04-27T02:11:25.000Z,18.37,57.53,BuildingB_Floor2,TypeC
1025,2025-04-28T15:53:12.000Z,26.55,68.02,BuildingA_Floor1,TypeC
1079,2025-04-29T13:03:53.000Z,17.3,45.1,BuildingB_Floor1,TypeB
1070,2025-04-27T09:15:45.000Z,23.42,40.25,BuildingA_Floor2,TypeC
1098,2025-04-28T16:51:35.000Z,26.69,30.65,BuildingA_Floor1,TypeB
1062,2025-04-26T12:46:40.000Z,31.83,77.53,BuildingB_Floor1,TypeB
1019,2025-04-28T20:03:14.000Z,16.64,73.59,BuildingB_Floor2,TypeB
1079,2025-04-29T08:49:42.000Z,23.37,71.09,BuildingA_Floor1,TypeB
1063,2025-04-25T22:07:03.000Z,33.52,79.83,BuildingA_Floor1,TypeA
1008,2025-04-27T18:31:43.000Z,26.3,39.41,BuildingA_Floor2,TypeA
1007,2025-04-28T10:27:58.000Z,25.77,44.17,BuildingA_Floor2,TypeB
1095,2025-04-27T17:01:21.000Z,29.66,48.44,BuildingA_Floor2,TypeA
1003,2025-04-26T17:45:03.000Z,17.42,59.68,BuildingA_Floor2,TypeB
1097,2025-04-26T09:42:04.000Z,19.45,69.64,BuildingA_Floor1,TypeA
1016,2025-04-27T06:40:00.000Z,27.07,61.74,BuildingB_Floor2,TypeB
1096,2025-04-29T15:40:55.000Z,34.36,50.89,BuildingB_Floor1,TypeC
1048,2025-04-29T11:13:34.000Z,24.81,58.97,BuildingB_Floor2,TypeC
1043,2025-04-28T08:56:39.000Z,20.85,59.83,BuildingB_Floor2,TypeA
1075,2025-04-28T00:19:37.000Z,21.7,62.1,BuildingB_Floor2,TypeC
1015,2025-04-28T07:54:27.000Z,27.21,74.42,BuildingA_Floor2,TypeB
1066,2025-04-29T02:36:29.000Z,20.43,69.25,BuildingB_Floor2,TypeC
1003,2025-04-28T07:29:21.000Z,18.82,52.12,BuildingB_Floor1,TypeA
1038,2025-04-29T14:31:34.000Z,17.25,77.16,BuildingB_Floor1,TypeA
1013,2025-04-28T14:06:14.000Z,25.03,79.51,BuildingB_Floor1,TypeC
1050,2025-04-25T04:53:13.000Z,30.76,45.73,BuildingB_Floor2,TypeA
1044,2025-04-25T20:43:19.000Z,17.94,75.33,BuildingB_Floor1,TypeA
1022,2025-04-26T13:19:56.000Z,17.49,67.45,BuildingA_Floor2,TypeA
1062,2025-04-25T15:35:44.000Z,30.3,51.16,BuildingA_Floor1,TypeA
1074,2025-04-26T17:04:28.000Z,21.65,77.72,BuildingA_Floor1,TypeC
1002,2025-04-29T12:46:56.000Z,25.59,61.56,BuildingB_Floor1,TypeB
1063,2025-04-27T12:24:02.000Z,30.31,51.52,BuildingA_Floor1,TypeB
1080,2025-04-26T21:09:05.000Z,25.29,38.06,BuildingA_Floor1,TypeA
1035,2025-04-29T12:19:39.000Z,21.36,74.86,BuildingB_Floor2,TypeA
1092,2025-04-26T03:15:50.000Z,20.15,77.26,BuildingA_Floor1,TypeB
1011,2025-04-27T08:27:44.000Z,15.24,31.95,BuildingA_Floor1,TypeB
1036,2025-04-26T06:05:24.000Z,30.51,30.11,BuildingB_Floor2,TypeC
1020,2025-04-27T06:05:21.000Z,20.95,55.47,BuildingB_Floor2,TypeA
1065,2025-04-27T02:08:11.000Z,20.56,57.1,BuildingB_Floor1,TypeA
1034,2025-04-28T18:59:29.000Z,15.93,72.84,BuildingA_Floor1,TypeC
1046,2025-04-28T13:08:37.000Z,28.05,63.14,BuildingA_Floor1,TypeB
1062,2025-04-25T02:41:40.000Z,18.17,55.18,BuildingB_Floor2,TypeA
1000,2025-04-28T13:46:02.000Z,23.36,70.53,BuildingB_Floor2,TypeA
1062,2025-04-26T19:54:34.000Z,18.73,58.16,BuildingA_Floor2,TypeC
1065,2025-04-26T05:33:45.000Z,31.91,54.57,BuildingB_Floor1,TypeB
1029,2025-04-29T20:52:31.000Z,26.06,67.29,BuildingA_Floor1,TypeC
1079,2025-04-28T05:45:37.000Z,27.85,30.78,BuildingB_Floor1,TypeA
1072,2025-04-28T17:20:28.000Z,34.74,55.32,BuildingB_Floor2,TypeB
1032,2025-04-26T04:39:43.000Z,23.19,36.86,BuildingA_Floor2,TypeC
1036,2025-04-29T19:00:23.000Z,33.78,45.8,BuildingB_Floor1,TypeC
1075,2025-04-29T21:01:54.000Z,28.1,75.76,BuildingB_Floor1,TypeB
1055,2025-04-27T09:47:04.000Z,15.67,30.0,BuildingA_Floor1,TypeA
1010,2025-04-28T11:26:53.000Z,28.64,61.66,BuildingB_Floor2,TypeB
1000,2025-04-25T03:14:01.000Z,24.16,47.38,BuildingB_Floor2,TypeC
1065,2025-04-26T06:34:23.000Z,20.07,47.7,BuildingA_Floor2,TypeA
1081,2025-04-27T18:01:25.000Z,25.32,60.4,BuildingA_Floor1,TypeB
1074,2025-04-27T14:54:20.000Z,26.67,43.77,BuildingB_Floor2,TypeA
1055,2025-04-25T22:42:09.000Z,15.11,77.97,BuildingA_Floor2,TypeC
1023,2025-04-29T10:44:39.000Z,15.25,49.5,BuildingB_Floor2,TypeB
1063,2025-04-25T18:53:31.000Z,17.05,75.77,BuildingB_Floor2,TypeC
1005,2025-04-25T11:32:07.000Z,24.96,64.15,BuildingB_Floor1,TypeC
1076,2025-04-25T19:39:26.000Z,25.98,59.16,BuildingA_Floor2,TypeC
1016,2025-04-25T18:06:27.000Z,21.52,31.11,BuildingA_Floor1,TypeC
1076,2025-04-27T10:02:17.000Z,33.69,69.82,BuildingA_Floor2,TypeB
1002,2025-04-27T03:43:20.000Z,26.0,47.57,BuildingA_Floor2,TypeA
1045,2025-04-27T02:05:09.000Z,24.78,62.65,BuildingA_Floor1,TypeB
1095,2025-04-29T01:02:34.000Z,15.71,61.94,BuildingA_Floor1,TypeB
1059,2025-04-26T05:07:16.000Z,17.83,71.37,BuildingA_Floor2,TypeA
1069,2025-04-28T02:13:30.000Z,17.16,47.42,BuildingA_Floor2,TypeB
1019,2025-04-27T20:42:03.000Z,25.35,64.96,BuildingB_Floor2,TypeA
1044,2025-04-28T07:07:34.000Z,21.47,68.64,BuildingB_Floor2,TypeA
1057,2025-04-28T02:54:01.000Z,33.74,44.15,BuildingB_Floor2,TypeB
1003,2025-04-25T08:38:39.000Z,20.65,73.38,BuildingA_Floor2,TypeB
1095,2025-04-27T05:04:35.000Z,29.41,36.34,BuildingA_Floor1,TypeC
1092,2025-04-26T22:15:48.000Z,29.12,77.12,BuildingB_Floor2,TypeA
1047,2025-04-26T18:25:20.000Z,15.46,75.54,BuildingA_Floor2,TypeB
1094,2025-04-27T13:54:11.000Z,28.66,71.48,BuildingA_Floor1,TypeB
1058,2025-04-28T00:00:30.000Z,15.89,77.88,BuildingB_Floor1,TypeC
1082,2025-04-24T23:51:23.000Z,22.53,56.53,BuildingB_Floor1,TypeA
1066,2025-04-25T23:28:17.000Z,32.72,34.0,BuildingA_Floor2,TypeB
1006,2025-04-29T08:04:16.000Z,29.85,64.83,BuildingA_Floor2,TypeC
1091,2025-04-25T12:52:02.000Z,23.32,47.76,BuildingB_Floor1,TypeB
1041,2025-04-29T00:37:33.000Z,33.05,51.4,BuildingB_Floor2,TypeB
1022,2025-04-29T05:37:45.000Z,24.75,54.11,BuildingB_Floor1,TypeC
1002,2025-04-29T14:31:57.000Z,19.3,31.46,BuildingA_Floor2,TypeC
1057,2025-04-25T19:10:38.000Z,32.87,42.07,BuildingB_Floor2,TypeA
1056,2025-04-29T01:20:10.000Z,32.08,62.69,BuildingA_Floor1,TypeC
1001,2025-04-25T09:02:59.000Z,22.31,44.74,BuildingB_Floor2,TypeB
1034,2025-04-25T06:50:14.000Z,21.81,33.24,BuildingB_Floor2,TypeA
1035,2025-04-28T12:19:09.000Z,19.28,43.13,BuildingA_Floor1,TypeC
1095,2025-04-27T16:15:31.000Z,23.52,62.92,BuildingA_Floor2,TypeC
1029,2025-04-26T04:26:22.000Z,17.15,63.73,BuildingB_Floor1,TypeC
1089,2025-04-25T14:28:40.000Z,33.39,34.21,BuildingA_Floor2,TypeB
1082,2025-04-28T13:02:20.000Z,16.87,62.12,BuildingA_Floor1,TypeC
1091,2025-04-27T07:10:49.000Z,21.88,42.94,BuildingB_Floor1,TypeA
1035,2025-04-26T13:52:56.000Z,31.77,46.38,BuildingA_Floor2,TypeC
1067,2025-04-29T02:37:18.000Z,28.59,37.68,BuildingA_Floor1,TypeC
1049,2025-04-29T18:40:50.000Z,22.17,38.42,BuildingB_Floor1,TypeC
1062,2025-04-26T19:40:13.000Z,24.53,39.0,BuildingB_Floor1,TypeA
1091,2025-04-27T17:42:04.000Z,27.11,30.62,BuildingB_Floor2,TypeB
1050,2025-04-26T08:13:00.000Z,15.99,42.12,BuildingA_Floor1,TypeC
1074,2025-04-28T05:42:29.000Z,33.7,33.19,BuildingB_Floor1,TypeB
1039,2025-04-28T06:51:09.000Z,16.39,78.95,BuildingB_Floor2,TypeB
1011,2025-04-25T17:54:12.000Z,18.67,34.41,BuildingA_Floor1,TypeB
1023,2025-04-25T03:03:24.000Z,24.94,70.64,BuildingB_Floor2,TypeB
1001,2025-04-25T21:39:06.000Z,23.88,77.48,BuildingA_Floor2,TypeA
1022,2025-04-27T12:02:50.000Z,33.61,48.69,BuildingB_Floor1,TypeB
1022,2025-04-25T12:13:03.000Z,32.7,65.27,BuildingA_Floor1,TypeB
1030,2025-04-29T14:52:00.000Z,20.57,42.65,BuildingA_Floor2,TypeC
1040,2025-04-24T22:26:07.000Z,32.7,66.55,BuildingB_Floor1,TypeA
1002,2025-04-26T13:59:58.000Z,23.98,67.93,BuildingA_Floor2,TypeC
1072,2025-04-28T09:42:23.000Z,22.44,46.37,BuildingB_Floor1,TypeB
1072,2025-04-26T18:20:50.000Z,24.3,77.91,BuildingA_Floor1,TypeB
1050,2025-04-28T02:01:59.000Z,18.27,42.93,BuildingA_Floor2,TypeB
1080,2025-04-26T12:56:01.000Z,24.87,47.58,BuildingA_Floor1,TypeC
1025,2025-04-25T15:59:47.000Z,21.75,32.23,BuildingA_Floor2,TypeC
1086,2025-04-25T02:38:48.000Z,33.09,54.18,BuildingB_Floor2,TypeC
1098,2025-04-29T01:59:42.000Z,27.78,61.76,BuildingB_Floor2,TypeC
1072,2025-04-27T16:08:26.000Z,27.26,50.72,BuildingB_Floor2,TypeC
1093,2025-04-29T06:59:51.000Z,24.04,66.1,BuildingB_Floor2,TypeC
1041,2025-04-27T03:27:44.000Z,21.51,41.17,BuildingA_Floor1,TypeB
1046,2025-04-27T19:10:22.000Z,16.31,37.08,BuildingA_Floor1,TypeC
1078,2025-04-25T10:11:57.000Z,25.03,62.32,BuildingA_Floor2,TypeC
1008,2025-04-29T15:04:15.000Z,23.21,63.91,BuildingA_Floor2,TypeA
1089,2025-04-29T03:10:56.000Z,34.11,40.54,BuildingA_Floor2,TypeB
1094,2025-04-26T22:05:59.000Z,28.85,43.21,BuildingA_Floor1,TypeA
1080,2025-04-27T18:49:53.000Z,31.65,72.85,BuildingB_Floor1,TypeC
1017,2025-04-25T08:42:00.000Z,20.15,66.2,BuildingB_Floor2,TypeA
1009,2025-04-25T04:04:59.000Z,29.13,61.26,BuildingB_Floor2,TypeC
1050,2025-04-25T04:57:06.000Z,33.73,47.79,BuildingB_Floor2,TypeB
1025,2025-04-28T13:48:42.000Z,15.61,33.44,BuildingA_Floor2,TypeC
1082,2025-04-29T22:01:48.000Z,23.96,36.61,BuildingB_Floor1,TypeC
1049,2025-04-29T19:14:24.000Z,19.4,38.16,BuildingA_Floor2,TypeC
1089,2025-04-26T16:57:11.000Z,20.14,48.68,BuildingB_Floor1,TypeB
1011,2025-04-25T15:36:24.000Z,21.56,54.13,BuildingB_Floor2,TypeC
1076,2025-04-26T22:56:38.000Z,25.8,62.39,BuildingA_Floor1,TypeA
1094,2025-04-29T18:37:35.000Z,30.31,61.8,BuildingB_Floor1,TypeB
1001,2025-04-25T12:04:06.000Z,29.22,53.23,BuildingB_Floor1,TypeA
1095,2025-04-25T16:53:24.000Z,18.29,53.33,BuildingA_Floor2,TypeC
1039,2025-04-28T12:43:54.000Z,24.97,79.21,BuildingA_Floor1,TypeC
1086,2025-04-26T11:22:40.000Z,15.18,33.68,BuildingA_Floor2,TypeA
1040,2025-04-28T22:08:31.000Z,17.65,53.32,BuildingA_Floor2,TypeA
1079,2025-04-28T05:25:27.000Z,32.49,74.34,BuildingB_Floor1,TypeC
1037,2025-04-29T17:32:40.000Z,25.67,77.47,BuildingB_Floor1,TypeA
1053,2025-04-27T21:14:57.000Z,32.29,75.59,BuildingA_Floor2,TypeC
1090,2025-04-27T20:13:34.000Z,15.22,47.5,BuildingB_Floor1,TypeA
1055,2025-04-26T07:13:13.000Z,32.58,45.03,BuildingB_Floor1,TypeC
1064,2025-04-25T04:36:02.000Z,28.95,40.38,BuildingB_Floor2,TypeB
1087,2025-04-25T05:54:18.000Z,27.09,45.93,BuildingA_Floor2,TypeC
1030,2025-04-27T18:05:39.000Z,24.22,46.85,BuildingB_Floor2,TypeC
1089,2025-04-29T16:21:20.000Z,29.06,69.63,BuildingB_Floor1,TypeB
1012,2025-04-28T01:41:40.000Z,19.19,37.96,BuildingA_Floor1,TypeA
1099,2025-04-28T22:55:10.000Z,27.21,33.74,BuildingA_Floor1,TypeB
1004,2025-04-25T17:32:32.000Z,19.13,48.0,BuildingB_Floor2,TypeB
1016,2025-04-28T14:11:41.000Z,32.95,48.53,BuildingA_Floor2,TypeC
1066,2025-04-28T09:04:34.000Z,23.17,62.16,BuildingA_Floor1,TypeB
1078,2025-04-26T09:02:37.000Z,22.85,33.91,BuildingB_Floor1,TypeC
1099,2025-04-29T09:41:32.000Z,33.32,33.53,BuildingA_Floor2,TypeC
1003,2025-04-25T01:00:31.000Z,15.58,36.25,BuildingA_Floor2,TypeA
1031,2025-04-26T21:12:23.000Z,31.24,75.92,BuildingA_Floor1,TypeC
1005,2025-04-28T20:22:07.000Z,17.16,78.46,BuildingA_Floor2,TypeC
1018,2025-04-28T11:41:52.000Z,31.55,66.03,BuildingB_Floor1,TypeB
1025,2025-04-29T07:40:48.000Z,24.38,65.67,BuildingB_Floor1,TypeB
1000,2025-04-26T14:50:23.000Z,19.0,75.13,BuildingA_Floor1,TypeC
1060,2025-04-29T06:02:17.000Z,21.93,48.04,BuildingB_Floor2,TypeA
1065,2025-04-25T20:12:22.000Z,28.23,55.25,BuildingB_Floor2,TypeB
1060,2025-04-25T22:24:20.000Z,27.0,39.86,BuildingB_Floor2,TypeA
1029,2025-04-29T05:05:32.000Z,19.8,49.25,BuildingA_Floor2,TypeA
1074,2025-04-29T06:21:52.000Z,34.81,52.44,BuildingB_Floor2,TypeC
1027,2025-04-26T02:52:24.000Z,32.83,46.01,BuildingB_Floor1,TypeC
1032,2025-04-28T10:44:49.000Z,16.6,63.89,BuildingB_Floor2,TypeA
1066,2025-04-26T22:21:49.000Z,28.38,32.28,BuildingA_Floor2,TypeC
1059,2025-04-29T05:28:29.000Z,21.22,70.18,BuildingA_Floor1,TypeA
1088,2025-04-25T11:41:04.000Z,27.79,42.37,BuildingB_Floor1,TypeB
1046,2025-04-27T12:43:16.000Z,31.48,54.83,BuildingB_Floor1,TypeC
1024,2025-04-26T07:35:38.000Z,31.29,57.37,BuildingA_Floor1,TypeC
1035,2025-04-29T04:51:46.000Z,26.22,65.73,BuildingB_Floor1,TypeA
1024,2025-04-27T18:59:22.000Z,16.19,30.75,BuildingA_Floor1,TypeB
1025,2025-04-28T07:53:27.000Z,32.61,45.66,BuildingB_Floor2,TypeA
1009,2025-04-25T20:03:54.000Z,31.33,32.78,BuildingA_Floor1,TypeB
1096,2025-04-29T12:38:28.000Z,32.02,50.52,BuildingA_Floor1,TypeA
1070,2025-04-29T15:05:25.000Z,19.83,37.09,BuildingA_Floor2,TypeB
1001,2025-04-25T19:08:35.000Z,34.19,31.75,BuildingA_Floor2,TypeB
1018,2025-04-26T13:29:43.000Z,21.98,77.56,BuildingB_Floor2,TypeB
1087,2025-04-29T03:44:53.000Z,19.02,59.21,BuildingA_Floor2,TypeA
1031,2025-04-25T05:30:23.000Z,16.97,48.43,BuildingB_Floor1,TypeC
1051,2025-04-28T19:40:42.000Z,29.22,72.95,BuildingA_Floor2,TypeB
1041,2025-04-28T23:05:12.000Z,17.41,64.77,BuildingB_Floor2,TypeC
1093,2025-04-25T04:34:25.000Z,28.61,57.24,BuildingB_Floor2,TypeB
1081,2025-04-29T18:09:25.000Z,20.22,62.64,BuildingB_Floor2,TypeC
1070,2025-04-28T04:11:44.000Z,21.13,59.77,BuildingB_Floor1,TypeB
1003,2025-04-25T18:34:16.000Z,31.93,70.49,BuildingB_Floor2,TypeC
1062,2025-04-26T21:33:19.000Z,22.74,63.24,BuildingB_Floor2,TypeA
1070,2025-04-25T11:35:08.000Z,34.56,33.43,BuildingB_Floor2,TypeA
1073,2025-04-25T06:37:50.000Z,30.59,64.28,BuildingA_Floor2,TypeA
1023,2025-04-25T03:34:00.000Z,34.47,55.91,BuildingA_Floor2,TypeA
1052,2025-04-29T09:14:08.000Z,22.75,73.61,BuildingA_Floor2,TypeA
1058,2025-04-27T00:27:03.000Z,26.72,32.37,BuildingA_Floor1,TypeB
1007,2025-04-29T12:38:52.000Z,15.61,61.32,BuildingA_Floor1,TypeA
1017,2025-04-27T23:49:42.000Z,27.79,55.68,BuildingB_Floor2,TypeA
1043,2025-04-25T18:39:36.000Z,25.82,44.23,BuildingA_Floor1,TypeA
1049,2025-04-25T22:52:01.000Z,20.31,57.87,BuildingA_Floor1,TypeB
1040,2025-04-26T18:46:29.000Z,30.3,52.25,BuildingB_Floor2,TypeC
1008,2025-04-27T07:18:15.000Z,28.68,43.26,BuildingB_Floor2,TypeC
1072,2025-04-27T20:33:54.000Z,21.56,32.21,BuildingA_Floor2,TypeC
1000,2025-04-29T07:10:12.000Z,15.29,32.02,BuildingB_Floor1,TypeA
1012,2025-04-27T21:48:27.000Z,21.9,70.05,BuildingA_Floor1,TypeB
1021,2025-04-27T01:12:18.000Z,24.97,68.1,BuildingB_Floor2,TypeC
1008,2025-04-28T17:22:35.000Z,34.84,45.36,BuildingB_Floor2,TypeB
1076,2025-04-25T13:04:38.000Z,33.61,48.2,BuildingA_Floor1,TypeB
1036,2025-04-29T17:16:52.000Z,20.19,55.05,BuildingB_Floor2,TypeB
1063,2025-04-25T17:00:37.000Z,17.67,49.92,BuildingA_Floor2,TypeC
1023,2025-04-25T01:28:29.000Z,17.78,75.15,BuildingB_Floor2,TypeB
1016,2025-04-29T02:04:09.000Z,20.94,60.4,BuildingA_Floor2,TypeB
1030,2025-04-25T20:36:44.000Z,23.54,57.14,BuildingB_Floor1,TypeA
1036,2025-04-26T07:09:28.000Z,21.46,50.42,BuildingB_Floor1,TypeA
1082,2025-04-24T23:20:24.000Z,30.47,45.85,BuildingA_Floor1,TypeA
1062,2025-04-25T09:56:24.000Z,34.7,79.98,BuildingB_Floor2,TypeB
1036,2025-04-25T19:09:49.000Z,33.5,63.05,BuildingB_Floor2,TypeC
1013,2025-04-26T23:53:13.000Z,28.92,56.42,BuildingB_Floor2,TypeA
1092,2025-04-29T05:50:00.000Z,34.69,76.06,BuildingB_Floor2,TypeB
1047,2025-04-27T13:10:56.000Z,16.22,64.42,BuildingB_Floor2,TypeA
1016,2025-04-26T22:38:00.000Z,16.5,63.41,BuildingA_Floor1,TypeA
1081,2025-04-25T08:56:50.000Z,30.8,35.51,BuildingB_Floor1,TypeC
1074,2025-04-28T22:14:56.000Z,30.86,67.72,BuildingB_Floor1,TypeB
1031,2025-04-25T13:17:02.000Z,26.84,44.48,BuildingA_Floor1,TypeA
1015,2025-04-25T23:59:16.000Z,17.34,46.09,BuildingA_Floor1,TypeA
1029,2025-04-27T22:48:50.000Z,15.64,76.91,BuildingB_Floor2,TypeC
1002,2025-04-29T07:00:02.000Z,18.3,71.17,BuildingA_Floor2,TypeB
1088,2025-04-28T13:54:16.000Z,26.95,65.25,BuildingB_Floor1,TypeA
1088,2025-04-26T14:02:42.000Z,34.1,61.47,BuildingB_Floor2,TypeB
1048,2025-04-29T01:39:56.000Z,23.48,52.68,BuildingA_Floor1,TypeC
1011,2025-04-25T21:16:34.000Z,15.55,33.57,BuildingB_Floor1,TypeA
1004,2025-04-25T20:11:23.000Z,16.23,72.85,BuildingB_Floor2,TypeC
1096,2025-04-26T06:44:38.000Z,30.49,69.25,BuildingB_Floor1,TypeC
1098,2025-04-27T10:03:11.000Z,28.47,63.5,BuildingB_Floor2,TypeB
1061,2025-04-26T00:58:14.000Z,21.54,38.56,BuildingA_Floor1,TypeC
1027,2025-04-29T13:57:17.000Z,18.76,55.64,BuildingA_Floor1,TypeC
1025,2025-04-26T05:32:44.000Z,27.27,48.14,BuildingA_Floor1,TypeB
1042,2025-04-25T02:44:11.000Z,27.99,61.05,BuildingB_Floor2,TypeC
1083,2025-04-26T02:22:00.000Z,20.95,33.14,BuildingA_Floor1,TypeA
1072,2025-04-28T01:06:12.000Z,33.28,79.44,BuildingB_Floor2,TypeA
1073,2025-04-25T05:40:53.000Z,24.91,53.24,BuildingA_Floor2,TypeB
1036,2025-04-25T12:59:51.000Z,16.82,39.75,BuildingB_Floor2,TypeA
1044,2025-04-25T23:30:59.000Z,28.99,73.5,BuildingA_Floor1,TypeB
1031,2025-04-24T22:29:24.000Z,34.94,47.45,BuildingA_Floor1,TypeC
1067,2025-04-28T17:55:29.000Z,15.18,69.23,BuildingA_Floor2,TypeC
1022,2025-04-28T21:19:42.000Z,24.13,67.77,BuildingA_Floor1,TypeA
1012,2025-04-27T00:30:43.000Z,18.15,55.28,BuildingA_Floor2,TypeC
1042,2025-04-25T18:14:37.000Z,24.76,69.66,BuildingA_Floor1,TypeB
1093,2025-04-27T07:23:44.000Z,16.97,56.1,BuildingB_Floor2,TypeC
1041,2025-04-26T21:59:16.000Z,21.66,62.09,BuildingA_Floor1,TypeB
1073,2025-04-27T12:47:52.000Z,15.42,75.21,BuildingA_Floor2,TypeC
1040,2025-04-27T21:21:49.000Z,27.53,49.64,BuildingB_Floor2,TypeC
1057,2025-04-28T02:02:30.000Z,29.13,39.45,BuildingA_Floor1,TypeB
1043,2025-04-29T21:51:00.000Z,16.35,42.56,BuildingB_Floor1,TypeA
1008,2025-04-25T12:35:48.000Z,19.01,55.37,BuildingB_Floor1,TypeB
1022,2025-04-26T09:48:32.000Z,23.41,73.37,BuildingA_Floor1,TypeB
1000,2025-04-29T07:09:54.000Z,21.74,77.86,BuildingA_Floor1,TypeA
1008,2025-04-28T08:47:22.000Z,34.03,73.47,BuildingA_Floor2,TypeC
1018,2025-04-27T00:41:53.000Z,27.76,36.49,BuildingB_Floor1,TypeA
1079,2025-04-27T21:23:52.000Z,23.15,77.37,BuildingA_Floor2,TypeB
1068,2025-04-25T21:42:26.000Z,30.05,68.22,BuildingA_Floor2,TypeA
1019,2025-04-28T15:49:53.000Z,29.58,41.33,BuildingA_Floor2,TypeC
1010,2025-04-27T13:50:54.000Z,32.17,51.74,BuildingB_Floor1,TypeC
1031,2025-04-25T20:08:48.000Z,33.64,68.9,BuildingB_Floor1,TypeA
1095,2025-04-26T13:17:24.000Z,20.99,56.51,BuildingA_Floor1,TypeB
1019,2025-04-24T23:43:44.000Z,28.69,30.01,BuildingA_Floor2,TypeC
1002,2025-04-25T07:57:38.000Z,27.57,35.62,BuildingB_Floor2,TypeC
1028,2025-04-26T08:40:58.000Z,33.57,56.98,BuildingA_Floor2,TypeB
1067,2025-04-28T02:49:32.000Z,25.45,49.39,BuildingA_Floor2,TypeB
1039,2025-04-26T05:32:17.000Z,33.66,56.58,BuildingA_Floor1,TypeC
1019,2025-04-26T08:57:16.000Z,31.28,50.72,BuildingB_Floor1,TypeA
1060,2025-04-25T14:26:26.000Z,24.34,31.63,BuildingB_Floor1,TypeC
1075,2025-04-28T04:22:26.000Z,20.79,41.29,BuildingB_Floor2,TypeA
1093,2025-04-25T04:02:34.000Z,23.79,64.71,BuildingA_Floor1,TypeA
1033,2025-04-25T11:45:51.000Z,16.49,61.33,BuildingB_Floor1,TypeA
1029,2025-04-27T18:34:30.000Z,22.69,74.85,BuildingA_Floor1,TypeA
1097,2025-04-27T07:10:31.000Z,27.53,39.71,BuildingA_Floor1,TypeA
1083,2025-04-25T10:53:02.000Z,16.4,39.18,BuildingA_Floor2,TypeC
1072,2025-04-27T20:39:27.000Z,27.56,65.62,BuildingB_Floor2,TypeC
1037,2025-04-27T05:54:17.000Z,25.76,64.07,BuildingA_Floor2,TypeA
1020,2025-04-27T06:53:55.000Z,16.55,72.06,BuildingB_Floor2,TypeA
1094,2025-04-26T02:50:57.000Z,16.06,45.7,BuildingB_Floor2,TypeA
1082,2025-04-29T17:44:47.000Z,16.73,50.07,BuildingB_Floor2,TypeC
1093,2025-04-25T16:51:04.000Z,31.79,73.13,BuildingB_Floor1,TypeA
1030,2025-04-28T16:25:22.000Z,23.85,76.63,BuildingA_Floor2,TypeA
1081,2025-04-29T17:03:29.000Z,20.09,70.73,BuildingA_Floor2,TypeC
1061,2025-04-27T18:29:12.000Z,29.18,74.43,BuildingB_Floor1,TypeA
1059,2025-04-26T20:14:48.000Z,18.25,50.08,BuildingA_Floor1,TypeB
1027,2025-04-25T11:34:07.000Z,32.1,74.56,BuildingB_Floor1,TypeA
1056,2025-04-25T22:05:30.000Z,20.12,57.16,BuildingB_Floor1,TypeC
1059,2025-04-25T19:02:59.000Z,22.78,40.78,BuildingA_Floor2,TypeB
1034,2025-04-26T00:44:10.000Z,32.98,71.82,BuildingB_Floor1,TypeC
1037,2025-04-26T06:39:26.000Z,20.9,64.71,BuildingB_Floor1,TypeB
1073,2025-04-27T20:34:41.000Z,34.2,39.25,BuildingA_Floor1,TypeA
1075,2025-04-29T21:23:41.000Z,22.48,58.16,BuildingB_Floor2,TypeA
1066,2025-04-25T19:59:24.000Z,19.48,42.03,BuildingA_Floor2,TypeA
1035,2025-04-27T09:53:12.000Z,31.16,43.88,BuildingA_Floor2,TypeB
1072,2025-04-28T12:56:03.000Z,28.21,47.15,BuildingA_Floor2,TypeB
1054,2025-04-28T04:39:04.000Z,21.99,79.44,BuildingA_Floor2,TypeC
1074,2025-04-29T09:58:56.000Z,16.95,56.94,BuildingA_Floor2,TypeA
1035,2025-04-27T13:33:15.000Z,18.43,70.09,BuildingB_Floor2,TypeC
1068,2025-04-27T05:40:35.000Z,25.7,68.43,BuildingA_Floor2,TypeB
1039,2025-04-26T18:52:15.000Z,18.1,40.57,BuildingA_Floor2,TypeA
1041,2025-04-29T06:12:19.000Z,17.72,36.89,BuildingA_Floor2,TypeC
1009,2025-04-26T02:39:31.000Z,30.08,62.79,BuildingB_Floor1,TypeC
1087,2025-04-26T14:01:11.000Z,19.09,59.97,BuildingA_Floor1,TypeA
1100,2025-04-26T03:47:31.000Z,17.56,51.42,BuildingA_Floor2,TypeA
1051,2025-04-28T22:23:44.000Z,18.14,48.06,BuildingB_Floor1,TypeB
1042,2025-04-27T17:29:20.000Z,25.06,49.86,BuildingB_Floor1,TypeC
1013,2025-04-29T10:23:48.000Z,32.49,50.52,BuildingB_Floor2,TypeA
1062,2025-04-26T23:46:58.000Z,15.25,71.31,BuildingB_Floor1,TypeB
1011,2025-04-29T19:10:46.000Z,26.47,43.1,BuildingB_Floor1,TypeC
1036,2025-04-25T10:52:24.000Z,26.02,53.61,BuildingA_Floor2,TypeB
1002,2025-04-26T05:49:43.000Z,21.53,62.67,BuildingB_Floor1,TypeA
1069,2025-04-25T15:07:36.000Z,27.38,73.77,BuildingB_Floor1,TypeB
1061,2025-04-27T06:10:44.000Z,15.62,39.99,BuildingA_Floor1,TypeB
1050,2025-04-29T14:30:12.000Z,21.98,74.55,BuildingA_Floor1,TypeB
1092,2025-04-27T04:33:32.000Z,24.02,60.96,BuildingB_Floor2,TypeC
1082,2025-04-25T08:34:49.000Z,18.38,47.13,BuildingB_Floor1,TypeA
1081,2025-04-29T14:00:06.000Z,22.8,63.36,BuildingB_Floor2,TypeC
1013,2025-04-25T17:33:16.000Z,32.06,62.55,BuildingA_Floor1,TypeA
1020,2025-04-27T08:09:48.000Z,29.34,52.87,BuildingB_Floor1,TypeB
1039,2025-04-29T05:06:52.000Z,18.84,49.15,BuildingB_Floor2,TypeC
1048,2025-04-29T05:38:54.000Z,19.33,59.8,BuildingA_Floor1,TypeA
1080,2025-04-29T15:24:18.000Z,31.38,69.85,BuildingA_Floor2,TypeC
1098,2025-04-26T02:40:31.000Z,25.7,74.31,BuildingB_Floor2,TypeC
1021,2025-04-25T21:41:18.000Z,29.57,54.26,BuildingA_Floor2,TypeA
1037,2025-04-26T08:31:06.000Z,15.73,59.42,BuildingB_Floor1,TypeB
1030,2025-04-26T02:21:07.000Z,19.13,51.23,BuildingA_Floor2,TypeC
1045,2025-04-27T09:13:54.000Z,21.49,34.74,BuildingA_Floor2,TypeA
1055,2025-04-29T06:46:31.000Z,33.54,57.81,BuildingA_Floor2,TypeB
1059,2025-04-26T12:06:34.000Z,21.68,56.52,BuildingB_Floor2,TypeB
1039,2025-04-25T06:31:15.000Z,32.56,33.83,BuildingB_Floor1,TypeC
1019,2025-04-25T15:49:45.000Z,21.67,52.62,BuildingB_Floor2,TypeA
1009,2025-04-28T06:20:10.000Z,31.97,60.49,BuildingB_Floor1,TypeA
1093,2025-04-28T11:33:02.000Z,16.49,31.84,BuildingA_Floor2,TypeA
1056,2025-04-27T21:53:11.000Z,24.54,66.12,BuildingA_Floor1,TypeA
1002,2025-04-28T02:03:14.000Z,25.63,74.89,BuildingB_Floor2,TypeA
1017,2025-04-29T21:33:40.000Z,15.21,63.56,BuildingB_Floor2,TypeB
1082,2025-04-28T07:04:01.000Z,28.65,49.53,BuildingB_Floor1,TypeB
1073,2025-04-28T23:28:53.000Z,22.91,78.03,BuildingA_Floor1,TypeA
1026,2025-04-28T04:12:50.000Z,17.14,66.67,BuildingA_Floor1,TypeA
1030,2025-04-27T18:54:47.000Z,30.3,41.72,BuildingB_Floor2,TypeA
1013,2025-04-28T01:31:59.000Z,16.97,73.92,BuildingA_Floor2,TypeB
1040,2025-04-26T20:17:17.000Z,16.22,67.82,BuildingB_Floor2,TypeC
1098,2025-04-28T20:24:45.000Z,21.44,52.27,BuildingB_Floor1,TypeA
1063,2025-04-28T00:50:55.000Z,20.11,79.9,BuildingB_Floor1,TypeC
1023,2025-04-25T21:31:22.000Z,25.27,70.18,BuildingA_Floor1,TypeB
1066,2025-04-27T12:40:44.000Z,23.89,36.35,BuildingB_Floor1,TypeB
1049,2025-04-26T23:41:20.000Z,25.38,71.53,BuildingB_Floor2,TypeB
1005,2025-04-27T17:59:37.000Z,24.36,56.82,BuildingA_Floor1,TypeA
1046,2025-04-25T03:50:26.000Z,34.38,75.05,BuildingA_Floor1,TypeB
1019,2025-04-27T18:51:05.000Z,19.29,70.73,BuildingA_Floor2,TypeA
1004,2025-04-28T03:18:00.000Z,24.05,57.44,BuildingA_Floor2,TypeB
1011,2025-04-27T11:26:05.000Z,16.01,42.88,BuildingB_Floor1,TypeA
1094,2025-04-29T16:20:00.000Z,17.51,47.92,BuildingA_Floor1,TypeC
1084,2025-04-25T02:26:29.000Z,28.37,72.3,BuildingA_Floor2,TypeB
1073,2025-04-26T20:41:11.000Z,19.31,66.55,BuildingA_Floor2,TypeA
1053,2025-04-29T04:07:09.000Z,34.23,38.77,BuildingB_Floor2,TypeC
1034,2025-04-28T20:01:52.000Z,18.97,42.05,BuildingA_Floor1,TypeB
1078,2025-04-27T15:36:19.000Z,28.26,37.02,BuildingB_Floor2,TypeC
1054,2025-04-28T11:16:40.000Z,20.95,63.95,BuildingA_Floor1,TypeB
1007,2025-04-29T14:35:46.000Z,19.0,46.61,BuildingB_Floor1,TypeC
1030,2025-04-27T21:25:22.000Z,29.65,34.43,BuildingB_Floor1,TypeC
1002,2025-04-26T00:52:15.000Z,26.3,50.2,BuildingA_Floor1,TypeB
1023,2025-04-27T21:54:42.000Z,28.91,36.2,BuildingA_Floor2,TypeC
1002,2025-04-28T13:10:44.000Z,19.63,41.49,BuildingA_Floor2,TypeA
1060,2025-04-25T14:17:04.000Z,31.02,30.75,BuildingB_Floor1,TypeA
1061,2025-04-26T23:49:31.000Z,27.27,71.07,BuildingA_Floor1,TypeC
1089,2025-04-29T00:34:55.000Z,31.54,74.99,BuildingB_Floor2,TypeB
1091,2025-04-29T08:28:05.000Z,33.15,30.15,BuildingA_Floor1,TypeC
1063,2025-04-26T05:45:37.000Z,26.32,76.57,BuildingB_Floor1,TypeC
1014,2025-04-27T22:21:34.000Z,18.12,37.33,BuildingA_Floor2,TypeB
1005,2025-04-27T13:58:58.000Z,31.91,61.48,BuildingA_Floor2,TypeA
1067,2025-04-27T13:17:38.000Z,20.82,51.26,BuildingA_Floor2,TypeC
1022,2025-04-28T10:34:18.000Z,27.57,56.36,BuildingB_Floor1,TypeB
1078,2025-04-27T07:52:33.000Z,25.41,65.69,BuildingA_Floor2,TypeC
1004,2025-04-26T20:44:37.000Z,27.93,76.09,BuildingB_Floor1,TypeC
1097,2025-04-25T18:09:27.000Z,24.85,53.17,BuildingB_Floor2,TypeC
1100,2025-04-29T06:20:05.000Z,22.71,78.58,BuildingA_Floor1,TypeC
1016,2025-04-27T16:18:23.000Z,30.97,57.23,BuildingB_Floor1,TypeA
1032,2025-04-28T01:25:32.000Z,27.73,41.15,BuildingA_Floor2,TypeB
1011,2025-04-25T05:16:37.000Z,26.41,59.1,BuildingA_Floor1,TypeC
1059,2025-04-27T07:47:06.000Z,32.89,44.47,BuildingA_Floor1,TypeB
1069,2025-04-28T05:58:21.000Z,28.97,33.8,BuildingA_Floor2,TypeB
1047,2025-04-28T04:32:10.000Z,26.62,55.08,BuildingB_Floor2,TypeC
1089,2025-04-25T08:11:48.000Z,22.29,55.11,BuildingB_Floor1,TypeC
1027,2025-04-26T03:58:11.000Z,34.57,58.98,BuildingA_Floor1,TypeC
1061,2025-04-25T02:05:45.000Z,18.4,45.14,BuildingB_Floor1,TypeA
1028,2025-04-27T02:47:03.000Z,29.05,60.41,BuildingB_Floor1,TypeA
1076,2025-04-29T01:11:26.000Z,16.53,65.78,BuildingA_Floor1,TypeB
1049,2025-04-27T20:18:43.000Z,27.29,53.91,BuildingB_Floor1,TypeC
1014,2025-04-27T23:48:41.000Z,21.71,51.23,BuildingB_Floor2,TypeC
1019,2025-04-27T15:59:55.000Z,26.88,63.9,BuildingA_Floor1,TypeC
1065,2025-04-28T20:59:52.000Z,19.22,62.46,BuildingA_Floor1,TypeB
1030,2025-04-29T18:25:00.000Z,28.49,46.82,BuildingA_Floor1,TypeC
1021,2025-04-28T12:33:30.000Z,31.38,52.38,BuildingB_Floor2,TypeB
1077,2025-04-25T09:43:59.000Z,15.65,63.74,BuildingB_Floor1,TypeC
1045,2025-04-26T15:06:34.000Z,18.92,75.73,BuildingA_Floor2,TypeA
1030,2025-04-25T15:53:05.000Z,27.82,30.82,BuildingA_Floor1,TypeC
1008,2025-04-28T17:48:24.000Z,32.94,53.21,BuildingA_Floor2,TypeC
1050,2025-04-27T01:10:21.000Z,25.93,68.04,BuildingA_Floor1,TypeC
1065,2025-04-25T01:02:09.000Z,24.58,53.78,BuildingB_Floor1,TypeA
1038,2025-04-25T04:32:12.000Z,30.74,32.53,BuildingB_Floor2,TypeC
1026,2025-04-28T01:45:14.000Z,19.42,32.76,BuildingA_Floor1,TypeC
1093,2025-04-28T04:38:27.000Z,26.11,70.9,BuildingA_Floor2,TypeA
1008,2025-04-27T19:50:18.000Z,28.53,37.24,BuildingB_Floor2,TypeC
1014,2025-04-25T00:18:18.000Z,34.12,77.86,BuildingB_Floor2,TypeC
1018,2025-04-25T17:58:56.000Z,24.09,53.49,BuildingB_Floor1,TypeC
1047,2025-04-27T08:55:39.000Z,34.5,73.26,BuildingA_Floor2,TypeB
1011,2025-04-27T09:53:54.000Z,34.68,34.93,BuildingB_Floor2,TypeA
1042,2025-04-26T01:49:26.000Z,24.04,37.5,BuildingB_Floor1,TypeC
1008,2025-04-25T08:11:20.000Z,16.8,36.55,BuildingA_Floor2,TypeC
1018,2025-04-28T00:34:27.000Z,28.22,76.04,BuildingB_Floor2,TypeC
1081,2025-04-26T19:20:59.000Z,28.83,66.27,BuildingB_Floor2,TypeB
1066,2025-04-27T02:24:23.000Z,32.44,57.67,BuildingB_Floor1,TypeC
1072,2025-04-27T02:39:26.000Z,27.01,48.3,BuildingA_Floor1,TypeA
1041,2025-04-29T18:45:49.000Z,25.31,58.07,BuildingA_Floor1,TypeB
1045,2025-04-27T21:50:20.000Z,17.36,78.44,BuildingA_Floor1,TypeA
1002,2025-04-26T00:22:04.000Z,28.68,76.64,BuildingA_Floor1,TypeA
1039,2025-04-27T21:11:15.000Z,16.22,77.14,BuildingB_Floor2,TypeB
1067,2025-04-26T09:33:41.000Z,25.69,65.59,BuildingB_Floor2,TypeB
1044,2025-04-28T11:48:48.000Z,30.1,57.9,BuildingB_Floor1,TypeC
1091,2025-04-28T03:21:32.000Z,19.32,37.0,BuildingA_Floor2,TypeC
1011,2025-04-28T00:49:32.000Z,30.64,59.14,BuildingB_Floor2,TypeB
1057,2025-04-29T01:15:05.000Z,29.75,42.08,BuildingA_Floor2,TypeA
1032,2025-04-27T17:29:08.000Z,33.04,60.45,BuildingB_Floor1,TypeB
1032,2025-04-29T08:50:30.000Z,15.47,52.88,BuildingB_Floor1,TypeC
1024,2025-04-24T23:28:45.000Z,26.86,58.93,BuildingA_Floor1,TypeB
1090,2025-04-25T11:04:45.000Z,26.91,61.45,BuildingB_Floor2,TypeC
1061,2025-04-27T20:26:09.000Z,21.0,33.37,BuildingA_Floor1,TypeB
1049,2025-04-28T07:58:56.000Z,29.62,41.87,BuildingA_Floor1,TypeC
1100,2025-04-26T20:13:39.000Z,29.29,69.96,BuildingB_Floor1,TypeB
1005,2025-04-28T06:42:21.000Z,24.17,43.24,BuildingB_Floor1,TypeC
1086,2025-04-28T23:30:00.000Z,27.56,77.36,BuildingB_Floor2,TypeA
1043,2025-04-29T18:28:13.000Z,34.6,70.8,BuildingB_Floor2,TypeC
1004,2025-04-25T05:47:44.000Z,28.33,40.49,BuildingA_Floor1,TypeA
1020,2025-04-25T13:37:19.000Z,24.16,54.09,BuildingB_Floor1,TypeA
1028,2025-04-28T05:48:50.000Z,22.76,46.91,BuildingB_Floor1,TypeA
1080,2025-04-28T15:28:17.000Z,22.61,38.25,BuildingA_Floor2,TypeB
1043,2025-04-27T12:28:51.000Z,20.13,75.19,BuildingB_Floor1,TypeB
1011,2025-04-28T17:00:47.000Z,21.92,76.69,BuildingA_Floor2,TypeA
1060,2025-04-29T19:48:54.000Z,31.99,38.41,BuildingB_Floor1,TypeA
1023,2025-04-28T20:37:10.000Z,32.1,42.95,BuildingB_Floor1,TypeC
1094,2025-04-29T19:02:30.000Z,20.66,67.17,BuildingA_Floor2,TypeA
1048,2025-04-27T10:24:14.000Z,29.36,46.61,BuildingB_Floor2,TypeA
1024,2025-04-28T17:23:55.000Z,23.34,48.32,BuildingA_Floor2,TypeC
1058,2025-04-25T01:52:25.000Z,27.77,70.05,BuildingA_Floor1,TypeC
1021,2025-04-27T02:36:50.000Z,21.56,41.32,BuildingA_Floor2,TypeB
1089,2025-04-29T04:01:11.000Z,29.33,55.76,BuildingB_Floor1,TypeA
1072,2025-04-28T03:23:59.000Z,19.56,62.02,BuildingA_Floor1,TypeC
1021,2025-04-25T02:59:13.000Z,31.59,62.69,BuildingA_Floor2,TypeB
1074,2025-04-29T13:09:57.000Z,16.34,31.0,BuildingB_Floor1,TypeB
1060,2025-04-25T17:53:03.000Z,17.48,77.7,BuildingA_Floor2,TypeA
1060,2025-04-25T18:34:15.000Z,15.37,70.43,BuildingA_Floor2,TypeA
1081,2025-04-27T02:52:14.000Z,26.22,63.83,BuildingA_Floor1,TypeA
1006,2025-04-25T15:59:52.000Z,34.82,77.51,BuildingA_Floor1,TypeB
1099,2025-04-27T08:37:57.000Z,26.34,63.5,BuildingB_Floor1,TypeB
1080,2025-04-28T08:42:34.000Z,24.38,39.41,BuildingB_Floor2,TypeB
1061,2025-04-29T10:19:10.000Z,17.65,42.13,BuildingB_Floor2,TypeC
1074,2025-04-25T02:46:49.000Z,29.45,58.19,BuildingA_Floor1,TypeA
1035,2025-04-26T04:50:11.000Z,16.68,79.64,BuildingB_Floor1,TypeC
1048,2025-04-27T16:27:24.000Z,24.96,61.46,BuildingB_Floor2,TypeA
1055,2025-04-26T23:11:34.000Z,25.56,52.57,BuildingB_Floor1,TypeC
1068,2025-04-26T17:47:14.000Z,32.79,56.96,BuildingA_Floor1,TypeB
1005,2025-04-25T04:27:30.000Z,17.18,69.17,BuildingB_Floor1,TypeC
1092,2025-04-25T20:41:53.000Z,22.53,77.91,BuildingB_Floor1,TypeB
1095,2025-04-27T17:38:41.000Z,29.57,54.3,BuildingA_Floor1,TypeA
1090,2025-04-27T23:52:03.000Z,33.48,77.64,BuildingB_Floor2,TypeB
1074,2025-04-27T10:56:50.000Z,27.15,44.04,BuildingA_Floor1,TypeC
1025,2025-04-26T06:06:22.000Z,26.81,60.4,BuildingB_Floor1,TypeB
1010,2025-04-28T05:35:28.000Z,31.75,76.23,BuildingB_Floor2,TypeC
1051,2025-04-27T13:31:33.000Z,15.28,34.5,BuildingA_Floor1,TypeB
1021,2025-04-27T19:52:02.000Z,21.32,33.17,BuildingA_Floor1,TypeC
1044,2025-04-25T20:09:59.000Z,28.25,54.39,BuildingB_Floor2,TypeC
1054,2025-04-26T16:32:00.000Z,26.47,36.93,BuildingA_Floor1,TypeB
1098,2025-04-29T21:17:14.000Z,28.83,31.9,BuildingA_Floor2,TypeB
1096,2025-04-24T23:07:20.000Z,34.0,60.0,BuildingA_Floor1,TypeA
1028,2025-04-28T22:19:39.000Z,29.73,72.26,BuildingA_Floor2,TypeB
1078,2025-04-25T06:37:44.000Z,28.45,50.54,BuildingB_Floor2,TypeB
1086,2025-04-29T15:26:56.000Z,28.8,69.71,BuildingB_Floor2,TypeC
1087,2025-04-27T04:43:55.000Z,24.47,39.74,BuildingA_Floor1,TypeA
1099,2025-04-28T22:02:40.000Z,18.82,58.64,BuildingB_Floor1,TypeB
1070,2025-04-27T06:31:58.000Z,26.62,58.25,BuildingB_Floor1,TypeC
1044,2025-04-29T10:44:59.000Z,23.15,75.4,BuildingB_Floor1,TypeA
1054,2025-04-26T13:22:39.000Z,28.05,68.81,BuildingA_Floor2,TypeC
1087,2025-04-29T16:03:58.000Z,31.08,66.64,BuildingA_Floor1,TypeC
1067,2025-04-27T20:24:45.000Z,17.25,53.06,BuildingA_Floor2,TypeB
1004,2025-04-26T13:57:33.000Z,28.45,33.03,BuildingB_Floor1,TypeB
1077,2025-04-25T19:10:41.000Z,15.19,52.94,BuildingB_Floor1,TypeA
1029,2025-04-25T01:28:08.000Z,28.08,44.09,BuildingA_Floor1,TypeB
1049,2025-04-26T16:10:38.000Z,28.56,36.52,BuildingB_Floor1,TypeB
1065,2025-04-28T18:40:17.000Z,18.92,48.49,BuildingB_Floor1,TypeA
1005,2025-04-28T15:04:31.000Z,16.99,37.32,BuildingB_Floor2,TypeC
1037,2025-04-29T21:13:33.000Z,29.78,77.27,BuildingB_Floor2,TypeB
1042,2025-04-29T08:41:52.000Z,25.3,47.04,BuildingA_Floor2,TypeA
1032,2025-04-29T02:47:31.000Z,29.98,55.52,BuildingB_Floor1,TypeA
1065,2025-04-26T05:03:33.000Z,18.69,74.82,BuildingA_Floor2,TypeC
1013,2025-04-26T20:34:30.000Z,15.0,45.52,BuildingA_Floor2,TypeA
1027,2025-04-25T01:21:58.000Z,22.1,42.34,BuildingA_Floor2,TypeA
1025,2025-04-27T17:14:53.000Z,17.76,55.5,BuildingA_Floor1,TypeB
1051,2025-04-26T03:27:35.000Z,26.6,71.24,BuildingA_Floor2,TypeC
1003,2025-04-29T01:53:37.000Z,18.32,79.55,BuildingA_Floor2,TypeC
1094,2025-04-25T11:44:18.000Z,29.84,78.52,BuildingA_Floor2,TypeA
1034,2025-04-28T07:44:38.000Z,16.58,48.9,BuildingB_Floor2,TypeA
1030,2025-04-27T23:05:07.000Z,26.33,39.17,BuildingA_Floor1,TypeB
1036,2025-04-28T01:45:07.000Z,19.48,41.29,BuildingA_Floor2,TypeB
1049,2025-04-29T05:46:34.000Z,17.86,73.18,BuildingA_Floor2,TypeB
1007,2025-04-25T12:46:23.000Z,29.25,65.85,BuildingB_Floor1,TypeB
1100,2025-04-29T14:49:36.000Z,24.23,62.8,BuildingB_Floor2,TypeC
1010,2025-04-27T05:29:47.000Z,26.55,55.73,BuildingB_Floor1,TypeC
1045,2025-04-27T22:06:50.000Z,25.19,58.01,BuildingB_Floor2,TypeA
1015,2025-04-29T14:46:55.000Z,16.97,51.79,BuildingA_Floor2,TypeC
1038,2025-04-29T07:34:55.000Z,30.57,31.69,BuildingA_Floor1,TypeB
1080,2025-04-28T09:29:07.000Z,32.13,42.9,BuildingB_Floor2,TypeC
1081,2025-04-26T02:22:42.000Z,23.64,65.09,BuildingA_Floor1,TypeB
1061,2025-04-27T23:58:40.000Z,22.09,76.95,BuildingA_Floor2,TypeC
1056,2025-04-29T11:48:22.000Z,15.04,56.46,BuildingA_Floor1,TypeB
1075,2025-04-25T18:40:50.000Z,21.71,33.98,BuildingA_Floor1,TypeC
1058,2025-04-26T08:01:30.000Z,28.2,76.59,BuildingB_Floor2,TypeA
1044,2025-04-28T20:32:23.000Z,29.48,32.05,BuildingA_Floor1,TypeA
1056,2025-04-26T00:21:39.000Z,18.77,77.83,BuildingA_Floor2,TypeC
1065,2025-04-25T22:05:06.000Z,29.34,79.98,BuildingB_Floor1,TypeB
1094,2025-04-27T01:41:34.000Z,17.8,44.63,BuildingA_Floor2,TypeB
1073,2025-04-26T05:50:41.000Z,31.3,69.41,BuildingB_Floor2,TypeB
1082,2025-04-25T05:39:10.000Z,24.98,49.46,BuildingB_Floor2,TypeC
1075,2025-04-25T12:06:33.000Z,18.41,38.58,BuildingB_Floor1,TypeA
1031,2025-04-29T00:45:46.000Z,27.86,66.5,BuildingA_Floor2,TypeB
1083,2025-04-25T05:10:30.000Z,20.44,63.68,BuildingB_Floor2,TypeC
1033,2025-04-28T08:55:55.000Z,25.85,35.03,BuildingA_Floor2,TypeB
1099,2025-04-25T20:47:34.000Z,17.38,46.07,BuildingA_Floor1,TypeA
1087,2025-04-29T16:37:55.000Z,33.81,56.18,BuildingB_Floor1,TypeC
1024,2025-04-28T05:47:32.000Z,28.67,34.21,BuildingB_Floor1,TypeB
1013,2025-04-25T05:19:23.000Z,20.68,62.59,BuildingA_Floor2,TypeA
1040,2025-04-28T13:33:47.000Z,30.72,37.53,BuildingA_Floor1,TypeB
1064,2025-04-25T06:53:53.000Z,33.49,57.77,BuildingB_Floor2,TypeB
1013,2025-04-28T18:12:17.000Z,15.09,72.0,BuildingB_Floor2,TypeA
1046,2025-04-29T02:46:31.000Z,31.42,56.19,BuildingB_Floor2,TypeB
1031,2025-04-28T07:38:31.000Z,30.61,57.95,BuildingA_Floor1,TypeB
1036,2025-04-25T02:33:54.000Z,17.97,39.89,BuildingA_Floor2,TypeC
1025,2025-04-25T21:52:30.000Z,28.15,72.48,BuildingB_Floor2,TypeB
1005,2025-04-25T23:34:12.000Z,21.25,30.14,BuildingA_Floor2,TypeC
1097,2025-04-28T06:43:00.000Z,25.52,34.59,BuildingB_Floor1,TypeA
1043,2025-04-25T12:20:31.000Z,27.1,36.48,BuildingB_Floor1,TypeA
1053,2025-04-26T19:43:45.000Z,33.64,31.35,BuildingA_Floor1,TypeA
1079,2025-04-26T10:19:58.000Z,33.79,36.86,BuildingB_Floor2,TypeB
1081,2025-04-27T15:20:55.000Z,16.07,65.03,BuildingA_Floor1,TypeA
1051,2025-04-26T14:05:30.000Z,16.7,54.61,BuildingB_Floor2,TypeC
1067,2025-04-27T13:50:20.000Z,34.9,62.05,BuildingA_Floor2,TypeA
1093,2025-04-29T09:20:32.000Z,24.3,45.25,BuildingB_Floor2,TypeC
1075,2025-04-28T09:34:06.000Z,27.81,40.14,BuildingA_Floor1,TypeC
1020,2025-04-26T00:39:04.000Z,31.15,47.83,BuildingA_Floor1,TypeA
1079,2025-04-29T16:59:19.000Z,21.68,79.13,BuildingA_Floor2,TypeA
1021,2025-04-28T06:34:35.000Z,25.76,39.65,BuildingA_Floor1,TypeB
1059,2025-04-26T10:13:11.000Z,15.8,77.32,BuildingA_Floor1,TypeA
1075,2025-04-28T15:57:49.000Z,22.37,62.21,BuildingA_Floor2,TypeA
1023,2025-04-28T21:04:28.000Z,28.29,62.36,BuildingB_Floor1,TypeC
1038,2025-04-25T14:41:02.000Z,29.05,53.89,BuildingA_Floor2,TypeB
1062,2025-04-29T09:31:01.000Z,32.63,51.2,BuildingB_Floor2,TypeC
1077,2025-04-28T05:36:02.000Z,34.02,46.37,BuildingA_Floor1,TypeB
1021,2025-04-26T22:42:42.000Z,33.12,52.4,BuildingA_Floor1,TypeC
1020,2025-04-29T17:46:27.000Z,22.72,31.26,BuildingA_Floor2,TypeC
1094,2025-04-29T20:24:46.000Z,15.03,46.44,BuildingB_Floor1,TypeB
1069,2025-04-26T14:52:38.000Z,27.57,53.71,BuildingB_Floor1,TypeA
1014,2025-04-28T23:39:12.000Z,25.02,42.54,BuildingB_Floor1,TypeA
1004,2025-04-25T01:24:28.000Z,23.92,58.74,BuildingA_Floor1,TypeC
1053,2025-04-27T08:03:58.000Z,16.59,73.86,BuildingA_Floor2,TypeA
1059,2025-04-25T15:50:17.000Z,16.68,39.34,BuildingA_Floor2,TypeA
1068,2025-04-25T12:20:30.000Z,26.88,69.77,BuildingA_Floor2,TypeB
1001,2025-04-27T16:05:10.000Z,25.23,60.83,BuildingB_Floor2,TypeC
1080,2025-04-26T01:37:48.000Z,27.48,65.34,BuildingA_Floor1,TypeB
1037,2025-04-28T03:24:53.000Z,33.36,37.81,BuildingA_Floor2,TypeB
1035,2025-04-28T06:44:19.000Z,17.15,41.32,BuildingA_Floor2,TypeB
1001,2025-04-29T05:50:13.000Z,29.97,38.06,BuildingA_Floor1,TypeB
1091,2025-04-26T02:58:06.000Z,27.26,40.34,BuildingB_Floor2,TypeA
1067,2025-04-26T16:04:39.000Z,32.47,43.06,BuildingA_Floor1,TypeA
1016,2025-04-25T04:49:16.000Z,21.88,40.79,BuildingA_Floor1,TypeA
1007,2025-04-26T16:19:42.000Z,33.15,79.99,BuildingA_Floor2,TypeC
1053,2025-04-27T19:31:38.000Z,24.76,36.9,BuildingB_Floor2,TypeA
1026,2025-04-29T22:03:32.000Z,25.2,51.06,BuildingB_Floor2,TypeC
1067,2025-04-28T07:56:17.000Z,19.44,74.43,BuildingA_Floor2,TypeB
1094,2025-04-28T12:07:06.000Z,26.11,57.01,BuildingA_Floor2,TypeC
1033,2025-04-26T01:22:31.000Z,26.54,75.58,BuildingB_Floor1,TypeA
1092,2025-04-29T12:41:20.000Z,31.21,63.77,BuildingB_Floor2,TypeA
1028,2025-04-25T12:49:50.000Z,16.97,38.54,BuildingB_Floor1,TypeC
1080,2025-04-28T18:33:44.000Z,31.26,55.47,BuildingB_Floor1,TypeB
1020,2025-04-27T11:51:30.000Z,25.1,57.4,BuildingB_Floor2,TypeC
1079,2025-04-27T18:13:55.000Z,34.35,58.69,BuildingA_Floor2,TypeA
1051,2025-04-29T00:29:03.000Z,29.69,34.85,BuildingA_Floor2,TypeC
1032,2025-04-29T13:41:22.000Z,27.23,46.27,BuildingA_Floor1,TypeB
1040,2025-04-27T21:55:41.000Z,31.83,34.53,BuildingB_Floor2,TypeB
1077,2025-04-28T02:09:13.000Z,15.27,39.52,BuildingA_Floor1,TypeA
1023,2025-04-25T21:44:22.000Z,17.05,32.14,BuildingA_Floor2,TypeC
1095,2025-04-28T18:51:12.000Z,25.02,37.69,BuildingA_Floor2,TypeB
1029,2025-04-27T23:56:02.000Z,23.82,42.08,BuildingA_Floor2,TypeA
1001,2025-04-28T11:48:37.000Z,22.16,78.37,BuildingA_Floor2,TypeC
1039,2025-04-25T20:40:57.000Z,34.81,50.99,BuildingB_Floor2,TypeA
1023,2025-04-28T17:43:39.000Z,33.38,35.65,BuildingA_Floor2,TypeB
1006,2025-04-25T09:51:02.000Z,33.69,55.67,BuildingA_Floor2,TypeC
1013,2025-04-28T05:15:10.000Z,22.48,56.06,BuildingB_Floor2,TypeB
1061,2025-04-29T18:58:57.000Z,31.68,34.5,BuildingB_Floor2,TypeC
1037,2025-04-26T18:12:02.000Z,25.64,34.7,BuildingB_Floor1,TypeA
1039,2025-04-29T15:27:16.000Z,15.57,66.55,BuildingA_Floor2,TypeC
1016,2025-04-25T20:20:54.000Z,21.89,78.69,BuildingA_Floor2,TypeB
1071,2025-04-29T00:14:24.000Z,34.25,62.82,BuildingB_Floor2,TypeB
1036,2025-04-27T17:23:34.000Z,24.45,55.98,BuildingB_Floor2,TypeA
1078,2025-04-26T20:39:11.000Z,27.59,69.72,BuildingA_Floor2,TypeA
1081,2025-04-28T18:11:58.000Z,24.3,49.9,BuildingB_Floor1,TypeC
1059,2025-04-29T21:53:30.000Z,32.18,46.86,BuildingB_Floor1,TypeA
1032,2025-04-29T20:30:53.000Z,26.36,55.94,BuildingB_Floor2,TypeC
1032,2025-04-28T22:48:26.000Z,34.15,79.43,BuildingA_Floor1,TypeC
1059,2025-04-26T10:05:10.000Z,33.91,67.55,BuildingB_Floor2,TypeB
1044,2025-04-26T13:52:06.000Z,30.55,79.46,BuildingB_Floor2,TypeB
1024,2025-04-27T11:26:18.000Z,27.3,70.62,BuildingA_Floor2,TypeC
1038,2025-04-27T20:58:55.000Z,31.55,46.94,BuildingB_Floor2,TypeB
1009,2025-04-26T08:06:31.000Z,23.06,51.85,BuildingA_Floor2,TypeB
1044,2025-04-25T20:21:58.000Z,22.44,56.12,BuildingA_Floor1,TypeC
1028,2025-04-27T07:45:19.000Z,25.86,51.31,BuildingB_Floor1,TypeC
1048,2025-04-29T18:53:47.000Z,21.38,51.3,BuildingA_Floor2,TypeA
1048,2025-04-26T18:19:30.000Z,22.04,53.82,BuildingB_Floor1,TypeB
1079,2025-04-25T07:16:03.000Z,32.76,72.1,BuildingB_Floor1,TypeC
1024,2025-04-25T13:02:26.000Z,21.62,47.6,BuildingA_Floor2,TypeC
1017,2025-04-28T20:58:27.000Z,24.37,55.18,BuildingB_Floor2,TypeC
1082,2025-04-25T20:32:52.000Z,16.86,33.84,BuildingA_Floor2,TypeB
1037,2025-04-25T05:55:08.000Z,33.33,30.31,BuildingA_Floor1,TypeC
1067,2025-04-27T01:33:58.000Z,18.83,36.2,BuildingB_Floor2,TypeB
1098,2025-04-27T02:25:29.000Z,25.27,41.47,BuildingA_Floor1,TypeB
1045,2025-04-29T10:40:02.000Z,23.45,69.6,BuildingA_Floor1,TypeA
1020,2025-04-29T04:12:17.000Z,16.62,33.2,BuildingB_Floor1,TypeA
1004,2025-04-25T00:53:31.000Z,30.78,33.92,BuildingB_Floor1,TypeB
1009,2025-04-27T15:47:45.000Z,17.93,49.21,BuildingB_Floor2,TypeC
1052,2025-04-28T03:41:34.000Z,25.42,33.78,BuildingB_Floor1,TypeC
1043,2025-04-27T14:27:46.000Z,19.64,76.99,BuildingA_Floor1,TypeA
1079,2025-04-28T00:46:56.000Z,33.45,31.71,BuildingB_Floor2,TypeA
1049,2025-04-26T12:02:30.000Z,15.62,45.53,BuildingB_Floor1,TypeA
1086,2025-04-25T08:48:23.000Z,32.64,78.35,BuildingB_Floor1,TypeB
1056,2025-04-27T16:28:10.000Z,28.58,53.03,BuildingA_Floor2,TypeB
1008,2025-04-28T22:30:10.000Z,33.26,38.04,BuildingB_Floor2,TypeA
1040,2025-04-28T10:17:50.000Z,22.79,48.44,BuildingA_Floor2,TypeA
1026,2025-04-29T19:56:12.000Z,30.12,72.79,BuildingB_Floor2,TypeA
1093,2025-04-28T13:24:31.000Z,20.75,32.76,BuildingB_Floor1,TypeA
1078,2025-04-28T09:42:16.000Z,32.53,73.6,BuildingA_Floor2,TypeC
1072,2025-04-25T12:12:39.000Z,23.97,37.1,BuildingA_Floor1,TypeC
1097,2025-04-26T18:26:10.000Z,28.71,43.55,BuildingB_Floor1,TypeB
1096,2025-04-25T16:08:20.000Z,24.92,59.74,BuildingB_Floor1,TypeB
1047,2025-04-27T12:45:21.000Z,33.66,37.57,BuildingA_Floor1,TypeA
1026,2025-04-29T13:55:38.000Z,20.58,49.09,BuildingA_Floor1,TypeB
1039,2025-04-25T05:43:02.000Z,23.62,42.91,BuildingB_Floor1,TypeC
1044,2025-04-28T16:56:34.000Z,24.67,67.34,BuildingB_Floor2,TypeC
1007,2025-04-26T16:34:02.000Z,24.25,30.07,BuildingA_Floor2,TypeB
1059,2025-04-29T03:22:41.000Z,21.89,54.22,BuildingA_Floor1,TypeC
1065,2025-04-28T15:54:48.000Z,15.32,52.89,BuildingB_Floor1,TypeB
1020,2025-04-29T13:35:04.000Z,30.23,60.54,BuildingB_Floor2,TypeC
1034,2025-04-27T12:54:16.000Z,33.29,70.71,BuildingA_Floor2,TypeB
1011,2025-04-26T23:14:53.000Z,15.41,71.81,BuildingA_Floor1,TypeA
1018,2025-04-28T10:00:54.000Z,21.87,47.9,BuildingB_Floor2,TypeA
1040,2025-04-27T22:34:31.000Z,34.64,49.92,BuildingB_Floor2,TypeA
1072,2025-04-26T00:42:38.000Z,25.26,72.98,BuildingB_Floor1,TypeA
1022,2025-04-29T09:49:09.000Z,19.39,34.98,BuildingA_Floor1,TypeB
1032,2025-04-25T20:26:23.000Z,24.51,62.12,BuildingB_Floor1,TypeC
1070,2025-04-25T03:38:44.000Z,34.31,75.59,BuildingB_Floor1,TypeA
1079,2025-04-25T11:19:20.000Z,31.65,44.48,BuildingA_Floor1,TypeB
1050,2025-04-25T22:11:05.000Z,30.45,47.46,BuildingA_Floor1,TypeC
1002,2025-04-27T07:34:51.000Z,20.13,75.26,BuildingA_Floor1,TypeC
1040,2025-04-29T00:45:22.000Z,29.85,64.41,BuildingA_Floor2,TypeB
1066,2025-04-28T12:13:56.000Z,29.12,42.01,BuildingA_Floor2,TypeC
1045,2025-04-28T07:17:01.000Z,27.92,49.23,BuildingB_Floor2,TypeA
1003,2025-04-25T16:52:01.000Z,30.02,44.78,BuildingA_Floor1,TypeC
1098,2025-04-27T09:38:40.000Z,30.23,50.39,BuildingB_Floor1,TypeA
1026,2025-04-27T15:02:25.000Z,15.07,63.84,BuildingA_Floor2,TypeA
1026,2025-04-29T00:08:19.000Z,28.92,74.78,BuildingA_Floor1,TypeA
1066,2025-04-26T05:15:09.000Z,22.27,70.14,BuildingB_Floor2,TypeA
1097,2025-04-26T02:58:46.000Z,32.02,38.64,BuildingA_Floor1,TypeB
1004,2025-04-29T18:53:30.000Z,31.21,48.33,BuildingB_Floor1,TypeC
1023,2025-04-27T19:51:37.000Z,34.54,37.92,BuildingB_Floor2,TypeB
1073,2025-04-25T09:39:39.000Z,26.91,69.82,BuildingB_Floor2,TypeB
1036,2025-04-25T18:16:55.000Z,31.55,49.39,BuildingA_Floor1,TypeB
1065,2025-04-28T17:55:00.000Z,34.74,45.6,BuildingB_Floor2,TypeC
1020,2025-04-29T19:06:30.000Z,29.32,65.52,BuildingB_Floor1,TypeA
1013,2025-04-26T06:38:31.000Z,30.8,69.47,BuildingB_Floor1,TypeC
1051,2025-04-27T23:37:45.000Z,29.21,35.59,BuildingB_Floor1,TypeB
1075,2025-04-27T05:36:02.000Z,34.66,66.66,BuildingB_Floor2,TypeC
1093,2025-04-28T04:47:42.000Z,21.29,78.86,BuildingB_Floor1,TypeA
1053,2025-04-27T22:25:54.000Z,30.07,45.13,BuildingB_Floor1,TypeB
1013,2025-04-28T16:24:15.000Z,28.56,31.28,BuildingB_Floor1,TypeB
1098,2025-04-25T20:30:53.000Z,32.78,39.95,BuildingB_Floor2,TypeA
1049,2025-04-28T04:32:20.000Z,25.53,45.64,BuildingA_Floor2,TypeA
1030,2025-04-27T22:57:09.000Z,19.37,66.17,BuildingB_Floor1,TypeC
1054,2025-04-25T21:47:37.000Z,24.88,61.73,BuildingA_Floor2,TypeA
1060,2025-04-29T16:37:54.000Z,33.64,47.32,BuildingA_Floor1,TypeB
1090,2025-04-28T09:33:18.000Z,34.55,34.19,BuildingB_Floor1,TypeC
1087,2025-04-28T00:07:05.000Z,27.24,56.15,BuildingB_Floor1,TypeC
1085,2025-04-27T06:29:25.000Z,28.82,52.62,BuildingA_Floor1,TypeC
1028,2025-04-25T10:04:29.000Z,17.13,74.83,BuildingB_Floor1,TypeC
1009,2025-04-26T21:25:01.000Z,34.77,35.16,BuildingB_Floor2,TypeB
1057,2025-04-29T21:11:08.000Z,34.61,66.46,BuildingB_Floor1,TypeA
1096,2025-04-28T06:47:02.000Z,23.05,66.65,BuildingA_Floor1,TypeA
1067,2025-04-25T12:30:17.000Z,21.76,37.94,BuildingB_Floor1,TypeB
1051,2025-04-26T19:37:24.000Z,28.59,65.86,BuildingA_Floor2,TypeA
1073,2025-04-27T08:56:41.000Z,26.97,67.43,BuildingB_Floor2,TypeA
1091,2025-04-28T18:37:32.000Z,20.1,31.61,BuildingA_Floor1,TypeA
1066,2025-04-27T15:30:18.000Z,33.69,56.95,BuildingA_Floor1,TypeB
1033,2025-04-27T22:35:02.000Z,25.52,38.75,BuildingB_Floor1,TypeB
1095,2025-04-28T20:41:01.000Z,18.33,49.14,BuildingA_Floor1,TypeC
1097,2025-04-27T02:49:11.000Z,20.21,42.31,BuildingA_Floor1,TypeB
1038,2025-04-26T18:18:56.000Z,24.41,36.92,BuildingB_Floor2,TypeA
1041,2025-04-26T17:15:51.000Z,16.25,34.23,BuildingB_Floor2,TypeB
1095,2025-04-26T22:28:44.000Z,20.45,33.01,BuildingB_Floor2,TypeC
1060,2025-04-26T05:50:18.000Z,18.08,30.55,BuildingB_Floor1,TypeB
1009,2025-04-28T21:17:04.000Z,22.04,59.62,BuildingA_Floor1,TypeB
1078,2025-04-26T09:35:07.000Z,22.02,56.3,BuildingB_Floor1,TypeC
1055,2025-04-28T22:56:07.000Z,22.66,37.8,BuildingA_Floor2,TypeB
1025,2025-04-27T01:13:03.000Z,17.88,64.18,BuildingA_Floor2,TypeA
1044,2025-04-29T19:53:30.000Z,15.6,63.91,BuildingB_Floor1,TypeB
1025,2025-04-28T20:51:54.000Z,22.76,33.81,BuildingB_Floor2,TypeC
1100,2025-04-26T01:20:53.000Z,28.05,61.91,BuildingA_Floor2,TypeB
1097,2025-04-27T16:24:31.000Z,28.52,66.61,BuildingA_Floor1,TypeC
1092,2025-04-29T04:38:43.000Z,27.25,34.5,BuildingB_Floor1,TypeA
1027,2025-04-26T00:28:29.000Z,22.53,32.07,BuildingB_Floor2,TypeB
1059,2025-04-26T17:28:26.000Z,28.0,55.67,BuildingA_Floor2,TypeB
1040,2025-04-28T14:18:41.000Z,23.02,50.55,BuildingB_Floor1,TypeB
1097,2025-04-24T23:12:03.000Z,34.59,45.56,BuildingB_Floor1,TypeB
1077,2025-04-28T11:45:16.000Z,20.44,48.77,BuildingA_Floor2,TypeA
1002,2025-04-28T00:50:42.000Z,16.32,67.63,BuildingB_Floor1,TypeC
1089,2025-04-25T06:17:43.000Z,33.96,61.5,BuildingB_Floor1,TypeC
1006,2025-04-26T19:08:44.000Z,30.14,39.89,BuildingA_Floor1,TypeC
1076,2025-04-25T08:50:22.000Z,16.52,46.79,BuildingA_Floor1,TypeC
1073,2025-04-28T00:42:23.000Z,19.1,33.85,BuildingB_Floor1,TypeC
1020,2025-04-26T10:43:34.000Z,21.25,32.27,BuildingA_Floor2,TypeB
1096,2025-04-25T11:52:30.000Z,17.37,52.43,BuildingA_Floor1,TypeA
